Sample_spp,code,SiteLong,SiteShort,SiteCode,Sample_ID,day,mo,yr,DOY,Season,SeasonCode,Species,SppCode,density_per_m2,Yryly_Temp_old,Yryly_Temp
Auba_4_9_2001_AF,Auba_2001_9_4,Aubach,Auba,1,grob,4,9,2001,247,late,2,Ancylus fluviatilis,AF,7.2,NA,9.75
Auba_21_6_2001_BR,Auba_2001_6_21,A2 Aubach,Auba,1,grob,21,6,2001,172,late,2,Baetis rhodani,BR,58.4,NA,9.525
Auba_4_9_2001_BR,Auba_2001_9_4,A2 Aubach,Auba,1,grob,4,9,2001,247,late,2,Baetis rhodani,BR,63.2,NA,9.75
Auba_21_6_2001_ED,Auba_2001_6_21,Aubach,Auba,1,A2,21,6,2001,172,late,2,Ephemera danica,ED,2.4,NA,9.525
Auba_23_4_2001_ED,Auba_2001_4_23,Aubach,Auba,1,A1,23,4,2001,113,early,1,Ephemera danica,ED,4,NA,9.75
Auba_21_6_2001_HS,Auba_2001_6_21,Aubach,Auba,1,A2,21,6,2001,172,late,2,Hydropsyche siltalai,HS,14.4,NA,9.525
Auba_23_4_2001_HS,Auba_2001_4_23,Aubach,Auba,1,A1,23,4,2001,113,early,1,Hydropsyche siltalai,HS,19.2,NA,9.75
Auba_21_6_2001_PO,Auba_2001_6_21,Aubach,Auba,1,A2,21,6,2001,172,late,2,Prodiamesa olivacea,PO,NA,NA,9.525
Bieb_30_8_2001_BR,Bieb_2001_8_30,Bieber,Bieb,2,grob,30,8,2001,242,late,2,Baetis rhodani,BR,78.4,NA,10.14166667
Bieb_22_6_2001_HS,Bieb_2001_6_22,Bieber,Bieb,2,B1,22,6,2001,173,late,2,Hydropsyche siltalai,HS,14.4,NA,9.7
Bieb_30_8_2001_OV,Bieb_2001_8_30,Bieber,Bieb,2,fein,30,8,2001,242,late,2,Orectochilus villosus,OV,4,NA,10.14166667
Bieb_22_6_2001_PO,Bieb_2001_6_22,Bieber,Bieb,2,B1,22,6,2001,173,late,2,Prodiamesa olivacea,PO,NA,NA,9.7
Auba_14_6_2002_AF,Auba_2002_6_14,Aubach,Auba,1,Einzelexemplare,14,6,2002,165,late,2,Ancylus fluviatilis,AF,5.6,NA,9.808333333
Auba_14_6_2002_BR,Auba_2002_6_14,Aubach,Auba,1,grob,14,6,2002,165,late,2,Baetis rhodani,BR,73.6,NA,9.808333333
Auba_14_6_2002_HS,Auba_2002_6_14,Aubach,Auba,1,Grob,14,6,2002,165,late,2,Hydropsyche siltalai,HS,76.8,NA,9.808333333
Auba_14_6_2002_PO,Auba_2002_6_14,Aubach,Auba,1,,14,6,2002,165,late,2,Prodiamesa olivacea,PO,134.4,NA,9.808333333
Bieb_12_6_2002_BR,Bieb_2002_6_12,Bieber,Bieb,2,grob,12,6,2002,163,late,2,Baetis rhodani,BR,10.4,NA,10
Bieb_12_6_2002_ED,Bieb_2002_6_12,Bieber,Bieb,2,Einzelexemplare,12,6,2002,163,late,2,Ephemera danica,ED,10.4,NA,10
Bieb_12_6_2002_ED,Bieb_2002_6_12,Bieber,Bieb,2,Grob,12,6,2002,163,late,2,Ephemera danica,ED,10.4,NA,10
Bieb_12_6_2002_HS,Bieb_2002_6_12,Bieber,Bieb,2,Grob,12,6,2002,163,late,2,Hydropsyche siltalai,HS,19.2,NA,10
Bieb_12_6_2002_PO,Bieb_2002_6_12,Bieber,Bieb,2,Fein,12,6,2002,163,late,2,Prodiamesa olivacea,PO,NA,NA,10
Bieb_12_6_2002_PO,Bieb_2002_6_12,Bieber,Bieb,2,Grob,12,6,2002,163,late,2,Prodiamesa olivacea,PO,NA,NA,10
Auba_15_7_2003_AF,Auba_2003_7_15,Aubach oh Wiesenthal,Auba,1,grob-RIVPACS,15,7,2003,196,late,2,Ancylus fluviatilis,AF,9.6,NA,10.05
Auba_15_7_2003_AF,Auba_2003_7_15,Aubach oh Wiesenthal,Auba,1,grob-RIVPACS-extra,15,7,2003,196,late,2,Ancylus fluviatilis,AF,9.6,NA,10.05
Auba_15_7_2003_AF,Auba_2003_7_15,Aubach oh Wiesenthal,Auba,1,fein,15,7,2003,196,late,2,Ancylus fluviatilis,AF,9.6,NA,10.05
Auba_17_3_2003_AF,Auba_2003_3_17,Aubach,Auba,1,grob,17,3,2003,76,early,1,Ancylus fluviatilis,AF,28.8,NA,9.483333333
Auba_15_7_2003_BR,Auba_2003_7_15,Aubach oh.Wiesthal,Auba,1,fein,15,7,2003,196,late,2,Baetis rhodani,BR,24,NA,10.05
Auba_17_3_2003_BR,Auba_2003_3_17,Aubach oh.Wiesthal,Auba,1,grob,17,3,2003,76,early,1,Baetis rhodani,BR,140.8,NA,9.483333333
Auba_15_7_2003_ED,Auba_2003_7_15,Aubach,Auba,1,Restanteil_Grob,15,7,2003,196,late,2,Ephemera danica,ED,5.6,NA,10.05
Auba_15_7_2003_ED,Auba_2003_7_15,Aubach,Auba,1,Einzelexemplare,15,7,2003,196,late,2,Ephemera danica,ED,5.6,NA,10.05
Auba_17_3_2003_ED,Auba_2003_3_17,Aubach,Auba,1,Einzelexemplare,17,3,2003,76,early,1,Ephemera danica,ED,3.2,NA,9.483333333
Auba_17_3_2003_HS,Auba_2003_3_17,Aubach,Auba,1,Grob,17,3,2003,76,early,1,Hydropsyche siltalai,HS,262.4,NA,9.483333333
Auba_15_7_2003_PO,Auba_2003_7_15,Aubach,Auba,1,Grob,15,7,2003,196,late,2,Prodiamesa olivacea,PO,4.8,NA,10.05
Auba_15_7_2003_PO,Auba_2003_7_15,Aubach,Auba,1,Fein,15,7,2003,196,late,2,Prodiamesa olivacea,PO,4.8,NA,10.05
Auba_17_3_2003_PO,Auba_2003_3_17,Aubach,Auba,1,,17,3,2003,76,early,1,Prodiamesa olivacea,PO,NA,NA,9.483333333
Bieb_14_7_2003_BR,Bieb_2003_7_14,Bieber,Bieb,2,grob,14,7,2003,195,late,2,Baetis rhodani,BR,29.6,NA,10.20833333
Bieb_14_7_2003_BR,Bieb_2003_7_14,Bieber,Bieb,2,fein,14,7,2003,195,late,2,Baetis rhodani,BR,29.6,NA,10.20833333
Bieb_11_3_2003_HS,Bieb_2003_3_11,Bieber,Bieb,2,Grob,11,3,2003,70,early,1,Hydropsyche siltalai,HS,57.6,NA,9.658333333
Bieb_14_7_2003_HS,Bieb_2003_7_14,Bieber,Bieb,2,Grob,14,7,2003,195,late,2,Hydropsyche siltalai,HS,28.8,NA,10.20833333
Bieb_11_3_2003_OV,Bieb_2003_3_11,Bieber,Bieb,2,grob,11,3,2003,70,early,1,Orectochilus villosus,OV,32.91429,NA,9.658333333
Bieb_11_3_2003_PO,Bieb_2003_3_11,Bieber,Bieb,2,,11,3,2003,70,early,1,Prodiamesa olivacea,PO,NA,NA,9.658333333
Bieb_14_7_2003_PO,Bieb_2003_7_14,Bieber,Bieb,2,,14,7,2003,195,late,2,Prodiamesa olivacea,PO,24.8,NA,10.20833333
Auba_10_7_2004_BR,Auba_2004_7_10,Aubach oh.Wiesthal,Auba,1,grob,10,7,2004,192,late,2,Baetis rhodani,BR,38.4,NA,9.641666667
Auba_10_7_2004_ET,Auba_2004_7_10,Aubach,Auba,1,grob,10,7,2004,192,late,2,Eiseniella tetraedra,ET,0.8,NA,9.641666667
Auba_10_7_2004_ED,Auba_2004_7_10,Aubach,Auba,1,Grob,10,7,2004,192,late,2,Ephemera danica,ED,49.6,NA,9.641666667
Auba_10_7_2004_ED,Auba_2004_7_10,Aubach,Auba,1,Einzelexemplare,10,7,2004,192,late,2,Ephemera danica,ED,49.6,NA,9.641666667
Auba_10_7_2004_PO,Auba_2004_7_10,Aubach,Auba,1,Fein,10,7,2004,192,late,2,Prodiamesa olivacea,PO,28.8,NA,9.641666667
Auba_10_7_2004_PO,Auba_2004_7_10,Aubach,Auba,1,Grob,10,7,2004,192,late,2,Prodiamesa olivacea,PO,28.8,NA,9.641666667
Bieb_9_7_2004_AF,Bieb_2004_7_9,Bieber oh. Roﬂbach,Bieb,2,grob,9,7,2004,191,late,2,Ancylus fluviatilis,AF,NA,NA,9.833333333
Bieb_9_7_2004_BR,Bieb_2004_7_9,Bieber,Bieb,2,grob,9,7,2004,191,late,2,Baetis rhodani,BR,26.4,NA,9.833333333
Bieb_9_7_2004_ED,Bieb_2004_7_9,Bieber,Bieb,2,Einzelexemplare,9,7,2004,191,late,2,Ephemera danica,ED,5.6,NA,9.833333333
Bieb_9_7_2004_HS,Bieb_2004_7_9,Bieber,Bieb,2,Grob,9,7,2004,191,late,2,Hydropsyche siltalai,HS,14.4,NA,9.833333333
Bieb_9_7_2004_PO,Bieb_2004_7_9,Bieber,Bieb,2,Grob,9,7,2004,191,late,2,Prodiamesa olivacea,PO,374.4,NA,9.833333333
Auba_24_3_2005_AF,Auba_2005_3_24,Aubach oh Wiesenthal,Auba,1,grob,24,3,2005,83,early,1,Ancylus fluviatilis,AF,12.34286,NA,9.1
Auba_6_6_2005_AF,Auba_2005_6_6,Aubach oh Wiesenthal,Auba,1,grob,6,6,2005,157,late,2,Ancylus fluviatilis,AF,1.371429,NA,9.333333333
Auba_24_3_2005_BR,Auba_2005_3_24,Aubach oh.Wiesthal,Auba,1,grob,24,3,2005,83,early,1,Baetis rhodani,BR,58.4,NA,9.1
Auba_6_6_2005_BR,Auba_2005_6_6,Aubach oh.Wiesthal,Auba,1,grob,6,6,2005,157,late,2,Baetis rhodani,BR,32,NA,9.333333333
Auba_24_3_2005_ED,Auba_2005_3_24,Aubach,Auba,1,Grob,24,3,2005,83,early,1,Ephemera danica,ED,102.8571,NA,9.1
Auba_24_3_2005_HS,Auba_2005_3_24,Aubach,Auba,1,Grob,24,3,2005,83,early,1,Hydropsyche siltalai,HS,49.37143,NA,9.1
Auba_6_6_2005_HS,Auba_2005_6_6,Aubach,Auba,1,"Grob, extra",6,6,2005,157,late,2,Hydropsyche siltalai,HS,39.77143,NA,9.333333333
Auba_6_6_2005_HS,Auba_2005_6_6,Aubach,Auba,1,Grob,6,6,2005,157,late,2,Hydropsyche siltalai,HS,39.77143,NA,9.333333333
Auba_24_3_2005_PO,Auba_2005_3_24,Aubach,Auba,1,Grob,24,3,2005,73,early,1,Prodiamesa olivacea,PO,45.25714,NA,9.1
Auba_24_3_2005_PO,Auba_2005_3_24,Aubach,Auba,1,Fein,24,3,2005,73,early,1,Prodiamesa olivacea,PO,45.25714,NA,9.1
Auba_6_6_2005_PO,Auba_2005_6_6,Aubach,Auba,1,Grob,6,6,2005,157,late,2,Prodiamesa olivacea,PO,2.742857,NA,9.333333333
O3_22_3_2005_AF,O3_2005_3_22,KiO3/O3/Rothenbergen,O3,3,grob,22,3,2005,81,early,1,Ancylus fluviatilis,AF,0.8,NA,10.10833333
O3_22_3_2005_BR,O3_2005_3_22,KiO3/O3/Rothenbergen,O3,3,grob,22,3,2005,81,early,1,Baetis rhodani,BR,5.6,NA,10.10833333
O3_22_3_2005_ED,O3_2005_3_22,KiO3/O3/Rodenbauch,O3,3,Grob,22,3,2005,81,early,1,Ephemera danica,ED,0.8,NA,10.10833333
O3_22_3_2005_GR,O3_2005_3_22,KiO3/O3/Rothenbergen,O3,3,grob,22,3,2005,81,early,1,Gammarus roeselii,GR,33.6,NA,10.10833333
O3_22_3_2005_OV,O3_2005_3_22,KiO3/O3/Rothenbergen,O3,3,grob,22,3,2005,81,early,1,Orectochilus villosus,OV,4,NA,10.10833333
O3_22_3_2005_PO,O3_2005_3_22,KiO3/O3/Rodenbauch,O3,3,Fein,22,3,2005,81,early,1,Prodiamesa olivacea,PO,6.4,NA,10.10833333
O3_22_3_2005_PO,O3_2005_3_22,KiO3/O3/Rodenbauch,O3,3,Grob,22,3,2005,81,early,1,Prodiamesa olivacea,PO,6.4,NA,10.10833333
W1_22_3_2005_AA,W1_2005_3_22,KiW1/W1/Bulau,W1,4,Grob-Totholz,22,3,2005,81,early,1,Aphelocheirus aestivalis,AA,38.4,NA,10.25
W1_22_3_2005_BR,W1_2005_3_22,KiW1/W1/Bulau,W1,4,grob,22,3,2005,81,early,1,Baetis rhodani,BR,2.4,NA,10.25
W1_22_3_2005_ET,W1_2005_3_22,KiW1/W1/Bulau,W1,4,Einzelexemplar,22,3,2005,81,early,1,Eiseniella tetraedra,ET,4.8,NA,10.25
W1_22_3_2005_ED,W1_2005_3_22,KiW1/W1/Bulau,W1,4,Einzelexemplare,22,3,2005,81,early,1,Ephemera danica,ED,9.6,NA,10.25
W1_22_3_2005_ED,W1_2005_3_22,KiW1/W1/Bulau,W1,4,Grob,22,3,2005,81,early,1,Ephemera danica,ED,9.6,NA,10.25
W1_22_3_2005_GR,W1_2005_3_22,KiW1/W1/Bulau,W1,4,grob,22,3,2005,81,early,1,Gammarus roeselii,GR,24,NA,10.25
W1_22_3_2005_HS,W1_2005_3_22,KiW1/W1/Bulau,W1,4,Grob,22,3,2005,81,early,1,Hydropsyche siltalai,HS,1.6,NA,10.25
W1_22_3_2005_HS,W1_2005_3_22,KiW1/W1/Bulau,W1,4,Einzelexemplare,22,3,2005,81,early,1,Hydropsyche siltalai,HS,1.6,NA,10.25
W1_22_3_2005_OV,W1_2005_3_22,KiW1/W1/Bulau,W1,4,grob,22,3,2005,81,early,1,Orectochilus villosus,OV,1.6,NA,10.25
W1_22_3_2005_PO,W1_2005_3_22,KiW1/W1/Bulau,W1,4,Grob,22,3,2005,81,early,1,Prodiamesa olivacea,PO,4,NA,10.25
W1_22_3_2005_PO,W1_2005_3_22,KiW1/W1/Bulau,W1,4,Fein,22,3,2005,81,early,1,Prodiamesa olivacea,PO,4,NA,10.25
Auba_15_6_2006_AF,Auba_2006_6_15,Aubach oh Wiesenthal,Auba,1,grob,15,6,2006,166,late,2,Ancylus fluviatilis,AF,2.88,NA,8.991666667
Auba_10_4_2006_BR,Auba_2006_4_10,Aubach oh.Wiesthal,Auba,1,grob,10,4,2006,100,early,1,Baetis rhodani,BR,15.84,NA,8.958333333
Auba_15_6_2006_BR,Auba_2006_6_15,Aubach oh.Wiesthal,Auba,1,grob,15,6,2006,166,late,2,Baetis rhodani,BR,8.64,NA,8.991666667
Auba_10_4_2006_ED,Auba_2006_4_10,Aubach,Auba,1,Grob,10,4,2006,100,early,1,Ephemera danica,ED,15.36,NA,8.958333333
Auba_15_6_2006_ED,Auba_2006_6_15,Aubach,Auba,1,Grob,15,6,2006,166,late,2,Ephemera danica,ED,11.52,NA,8.991666667
Auba_10_4_2006_HS,Auba_2006_4_10,Aubach,Auba,1,Grob,10,4,2006,100,early,1,Hydropsyche siltalai,HS,28.8,NA,8.958333333
Auba_15_6_2006_HS,Auba_2006_6_15,Aubach,Auba,1,Einzelexemplare,15,6,2006,166,late,2,Hydropsyche siltalai,HS,44.8,NA,8.991666667
Auba_15_6_2006_HS,Auba_2006_6_15,Aubach,Auba,1,Grob,15,6,2006,166,late,2,Hydropsyche siltalai,HS,44.8,NA,8.991666667
Auba_10_4_2006_PO,Auba_2006_4_10,Aubach,Auba,1,Grob,10,4,2006,100,early,1,Prodiamesa olivacea,PO,24.96,NA,8.958333333
Bieb_13_7_2006_AF,Bieb_2006_7_13,Bieber oh. Roﬂbach,Bieb,2,grob,13,7,2006,194,late,2,Ancylus fluviatilis,AF,1.2,NA,9.516666667
Bieb_10_4_2006_BR,Bieb_2006_4_10,Bieber,Bieb,2,grob,10,4,2006,100,early,1,Baetis rhodani,BR,155.2,NA,9.175
Bieb_13_7_2006_BR,Bieb_2006_7_13,Bieber,Bieb,2,grob,13,7,2006,194,late,2,Baetis rhodani,BR,33.6,NA,9.516666667
Bieb_10_4_2006_ED,Bieb_2006_4_10,Bieber,Bieb,2,Grob,10,4,2006,100,early,1,Ephemera danica,ED,4.8,NA,9.175
Bieb_13_7_2006_HS,Bieb_2006_7_13,Bieber,Bieb,2,Grob,13,7,2006,194,late,2,Hydropsyche siltalai,HS,7.2,NA,9.516666667
Bieb_10_4_2006_OV,Bieb_2006_4_10,Bieber,Bieb,2,grob,10,4,2006,100,early,1,Orectochilus villosus,OV,24,NA,9.175
Bieb_10_4_2006_PO,Bieb_2006_4_10,Bieber,Bieb,2,Grob,10,4,2006,100,early,1,Prodiamesa olivacea,PO,NA,NA,9.175
Bieb_13_7_2006_PO,Bieb_2006_7_13,Bieber,Bieb,2,Grob,13,7,2006,194,late,2,Prodiamesa olivacea,PO,63.6,NA,9.516666667
O3_21_6_2006_AF,O3_2006_6_21,KiO3/O3/Rothenbergen,O3,3,grob,21,6,2006,172,late,2,Ancylus fluviatilis,AF,19.2,NA,9.933333333
O3_21_6_2006_AA,O3_2006_6_21,KiO3/O3/Rothenbergen,O3,3,Grob,21,6,2006,172,late,2,Aphelocheirus aestivalis,AA,141.6,NA,9.933333333
O3_21_6_2006_BR,O3_2006_6_21,KiO3/O3/Rothenbergen,O3,3,grob,21,6,2006,172,late,2,Baetis rhodani,BR,5.6,NA,9.933333333
O3_21_6_2006_ED,O3_2006_6_21,KiO3/O3/Rodenbauch,O3,3,Grob,21,6,2006,172,late,2,Ephemera danica,ED,15.2,NA,9.933333333
O3_21_6_2006_ED,O3_2006_6_21,KiO3/O3/Rodenbauch,O3,3,Einzelexemplare,21,6,2006,172,late,2,Ephemera danica,ED,15.2,NA,9.933333333
O3_21_6_2006_GR,O3_2006_6_21,KiO3/O3/Rothenbergen,O3,3,grob,21,6,2006,172,late,2,Gammarus roeselii,GR,206.4,NA,9.933333333
O3_21_6_2006_PO,O3_2006_6_21,KiO3/O3/Rodenbauch,O3,3,Grob,21,6,2006,172,late,2,Prodiamesa olivacea,PO,19.2,NA,9.933333333
W1_13_7_2006_AA,W1_2006_7_13,KiW1/W1/Bulau,W1,4,Grob,13,7,2006,194,late,2,Aphelocheirus aestivalis,AA,33.8087,NA,10.4
W1_21_6_2006_AA,W1_2006_6_21,KiW1/W1/Bulau,W1,4,Grob-Totholz,21,6,2006,172,late,2,Aphelocheirus aestivalis,AA,NA,NA,10.05833333
W1_13_7_2006_ED,W1_2006_7_13,KiW1/W1/Bulau,W1,4,Grob,13,7,2006,194,late,2,Ephemera danica,ED,35.86087,NA,10.4
W1_13_7_2006_ED,W1_2006_7_13,KiW1/W1/Bulau,W1,4,Einzelexemplare,13,7,2006,194,late,2,Ephemera danica,ED,35.86087,NA,10.4
W1_13_7_2006_GR,W1_2006_7_13,KiW1/W1/Bulau,W1,4,grob,13,7,2006,194,late,2,Gammarus roeselii,GR,12.06957,NA,10.4
W1_13_7_2006_PO,W1_2006_7_13,KiW1/W1/Bulau,W1,4,Grob,13,7,2006,194,late,2,Prodiamesa olivacea,PO,NA,NA,10.4
Auba_12_7_2007_BR,Auba_2007_7_12,Aubach oh.Wiesthal,Auba,1,grob,12,7,2007,193,late,2,Baetis rhodani,BR,30.8,NA,11.33333333
Auba_12_7_2007_ET,Auba_2007_7_12,Aubach,Auba,1,grob,12,7,2007,193,late,2,Eiseniella tetraedra,ET,3.6,NA,11.33333333
Auba_12_7_2007_ED,Auba_2007_7_12,Aubach,Auba,1,Grob,12,7,2007,193,late,2,Ephemera danica,ED,26.4,NA,11.33333333
Auba_12_7_2007_ED,Auba_2007_7_12,Aubach,Auba,1,Einzelexemplare,12,7,2007,193,late,2,Ephemera danica,ED,26.4,NA,11.33333333
Auba_12_7_2007_HS,Auba_2007_7_12,Aubach,Auba,1,Grob,12,7,2007,193,late,2,Hydropsyche siltalai,HS,3.6,NA,11.33333333
Auba_12_7_2007_PO,Auba_2007_7_12,Aubach,Auba,1,Grob,12,7,2007,193,late,2,Prodiamesa olivacea,PO,4.8,NA,11.33333333
Bieb_12_7_2007_BR,Bieb_2007_7_12,Bieber,Bieb,2,grob,12,7,2007,193,late,2,Baetis rhodani,BR,14.4,NA,11.54166667
Bieb_12_7_2007_HS,Bieb_2007_7_12,Bieber,Bieb,2,Grob,12,7,2007,193,late,2,Hydropsyche siltalai,HS,3.2,NA,11.54166667
Bieb_12_7_2007_PO,Bieb_2007_7_12,Bieber,Bieb,2,Grob,12,7,2007,193,late,2,Prodiamesa olivacea,PO,8.8,NA,11.54166667
O3_12_4_2007_AF,O3_2007_4_12,KiO3/O3/Rothenbergen,O3,3,grob,12,4,2007,102,early,1,Ancylus fluviatilis,AF,54.72,NA,12.53333333
O3_12_4_2007_AA,O3_2007_4_12,KiO3/O3/Rothenbergen,O3,3,Grob,12,4,2007,102,early,1,Aphelocheirus aestivalis,AA,17.28,NA,12.53333333
O3_12_4_2007_BR,O3_2007_4_12,KiO3/O3/Rothenbergen,O3,3,grob,12,4,2007,102,early,1,Baetis rhodani,BR,7.36,NA,12.53333333
O3_12_4_2007_BR,O3_2007_4_12,KiO3/O3/Rothenbergen,O3,3,Einzelexemplar,12,4,2007,102,early,1,Baetis rhodani,BR,7.36,NA,12.53333333
O3_12_4_2007_ET,O3_2007_4_12,KiO3/O3/Rothenbergen,O3,3,grob,12,4,2007,102,early,1,Eiseniella tetraedra,ET,0.8,NA,12.53333333
O3_12_4_2007_ED,O3_2007_4_12,KiO3/O3/Rodenbauch,O3,3,Einzelexemplare,12,4,2007,102,early,1,Ephemera danica,ED,6.56,NA,12.53333333
O3_12_4_2007_ED,O3_2007_4_12,KiO3/O3/Rodenbauch,O3,3,Grob,12,4,2007,102,early,1,Ephemera danica,ED,6.56,NA,12.53333333
O3_12_4_2007_GR,O3_2007_4_12,KiO3/O3/Rothenbergen,O3,3,grob,12,4,2007,102,early,1,Gammarus roeselii,GR,126.72,NA,12.53333333
O3_12_4_2007_PO,O3_2007_4_12,KiO3/O3/Rodenbauch,O3,3,Grob,12,4,2007,102,early,1,Prodiamesa olivacea,PO,NA,NA,12.53333333
W1_12_4_2007_AF,W1_2007_4_12,KiW1/W1/Bulau,W1,4,grob,12,4,2007,102,early,1,Ancylus fluviatilis,AF,1.6,NA,12.66666667
W1_12_4_2007_AA,W1_2007_4_12,KiW1/W1/Bulau,W1,4,Grob,12,4,2007,102,early,1,Aphelocheirus aestivalis,AA,11.2,NA,12.66666667
W1_12_4_2007_BR,W1_2007_4_12,KiW1/W1/Bulau,W1,4,grob,12,4,2007,102,early,1,Baetis rhodani,BR,2.4,NA,12.66666667
W1_12_4_2007_BR,W1_2007_4_12,KiW1/W1/Bulau,W1,4,Einzelexemplar,12,4,2007,102,early,1,Baetis rhodani,BR,2.4,NA,12.66666667
W1_12_4_2007_ED,W1_2007_4_12,KiW1/W1/Bulau,W1,4,Grob,12,4,2007,102,early,1,Ephemera danica,ED,28.8,NA,12.66666667
W1_12_4_2007_HS,W1_2007_4_12,KiW1/W1/Bulau,W1,4,Grob,12,4,2007,102,early,1,Hydropsyche siltalai,HS,8,NA,12.66666667
W1_12_4_2007_PO,W1_2007_4_12,KiW1/W1/Bulau,W1,4,Grob,12,4,2007,102,early,1,Prodiamesa olivacea,PO,1.6,NA,12.66666667
Auba_23_4_2008_AF,Auba_2008_4_23,Aubach oh Wiesenthal,Auba,1,grob,23,4,2008,114,early,1,Ancylus fluviatilis,AF,0.914286,NA,9.475
Auba_23_4_2008_BR,Auba_2008_4_23,Aubach oh.Wiesthal,Auba,1,grob,23,4,2008,114,early,1,Baetis rhodani,BR,75.73333,NA,9.475
Auba_23_6_2008_BR,Auba_2008_6_23,Aubach oh.Wiesthal,Auba,1,grob,23,6,2008,175,late,2,Baetis rhodani,BR,25.31868,NA,9.55
Auba_23_4_2008_ED,Auba_2008_4_23,Aubach,Auba,1,Einzelexemplare,23,4,2008,114,early,1,Ephemera danica,ED,19.80952,NA,9.475
Auba_23_4_2008_ED,Auba_2008_4_23,Aubach,Auba,1,Grob,23,4,2008,114,early,1,Ephemera danica,ED,19.80952,NA,9.475
Auba_23_6_2008_ED,Auba_2008_6_23,Aubach,Auba,1,Grob,23,6,2008,175,late,2,Ephemera danica,ED,16.87912,NA,9.55
Auba_23_6_2008_GR,Auba_2008_6_23,Aubach,Auba,1,21TP,23,6,2008,175,late,2,Gammarus roeselii,GR,0.761905,NA,9.55
Auba_23_4_2008_HS,Auba_2008_4_23,Aubach,Auba,1,Grob,23,4,2008,114,early,1,Hydropsyche siltalai,HS,6.247619,NA,9.475
Auba_23_6_2008_HS,Auba_2008_6_23,Aubach,Auba,1,Grob,23,6,2008,175,late,2,Hydropsyche siltalai,HS,2.871795,NA,9.55
Auba_23_6_2008_PO,Auba_2008_6_23,Aubach,Auba,1,Grob,23,6,2008,175,late,2,Prodiamesa olivacea,PO,55.61905,NA,9.55
Bieb_23_6_2008_BR,Bieb_2008_6_23,Bieber,Bieb,2,Einzelexemplar,23,6,2008,175,late,2,Baetis rhodani,BR,3.047619,NA,9.741666667
Bieb_24_4_2008_BR,Bieb_2008_4_24,Bieber,Bieb,2,grob,24,4,2008,115,early,1,Baetis rhodani,BR,79.80952,NA,9.666666667
Bieb_24_4_2008_ET,Bieb_2008_4_24,Bieber,Bieb,2,grob,24,4,2008,115,early,1,Eiseniella tetraedra,ET,1.714286,NA,9.666666667
Bieb_23_6_2008_HS,Bieb_2008_6_23,Bieber,Bieb,2,Grob,23,6,2008,175,late,2,Hydropsyche siltalai,HS,6.857143,NA,9.741666667
Bieb_24_4_2008_HS,Bieb_2008_4_24,Bieber,Bieb,2,Grob,24,4,2008,115,early,1,Hydropsyche siltalai,HS,27.04762,NA,9.666666667
Bieb_24_4_2008_OV,Bieb_2008_4_24,Bieber,Bieb,2,grob,24,4,2008,115,early,1,Orectochilus villosus,OV,3.428571,NA,9.666666667
Bieb_23_6_2008_PO,Bieb_2008_6_23,Bieber,Bieb,2,Grob,23,6,2008,175,late,2,Prodiamesa olivacea,PO,283.4286,NA,9.741666667
Bieb_24_4_2008_PO,Bieb_2008_4_24,Bieber,Bieb,2,Grob,24,4,2008,115,early,1,Prodiamesa olivacea,PO,34.28571,NA,9.666666667
O3_11_6_2008_AF,O3_2008_6_11,KiO3/O3/Rothenbergen,O3,3,grob,11,6,2008,163,late,2,Ancylus fluviatilis,AF,4.571429,NA,10.43333333
O3_28_4_2008_AF,O3_2008_4_28,KiO3/O3/Rothenbergen,O3,3,grob,28,4,2008,119,early,1,Ancylus fluviatilis,AF,8.661654,NA,10.35833333
O3_11_6_2008_AA,O3_2008_6_11,KiO3/O3/Rothenbergen,O3,3,Grob,11,6,2008,163,late,2,Aphelocheirus aestivalis,AA,24.38095,NA,10.43333333
O3_11_6_2008_AA,O3_2008_6_11,KiO3/O3/Rothenbergen,O3,3,Grob_21TP,11,6,2008,163,late,2,Aphelocheirus aestivalis,AA,24.38095,NA,10.43333333
O3_28_4_2008_AA,O3_2008_4_28,KiO3/O3/Rothenbergen,O3,3,Grob,28,4,2008,119,early,1,Aphelocheirus aestivalis,AA,20.21053,NA,10.35833333
O3_11_6_2008_BR,O3_2008_6_11,KiO3/O3/Rothenbergen,O3,3,grob,11,6,2008,163,late,2,Baetis rhodani,BR,48,NA,10.43333333
O3_28_4_2008_BR,O3_2008_4_28,KiO3/O3/Rothenbergen,O3,3,grob,28,4,2008,119,early,1,Baetis rhodani,BR,16.6416,NA,10.35833333
O3_28_4_2008_ET,O3_2008_4_28,KiO3/O3/Rothenbergen,O3,3,grob,28,4,2008,119,early,1,Eiseniella tetraedra,ET,17.32331,NA,10.35833333
O3_28_4_2008_GR,O3_2008_4_28,KiO3/O3/Rothenbergen,O3,3,grob,28,4,2008,119,early,1,Gammarus roeselii,GR,70.21554,NA,10.35833333
O3_11_6_2008_HS,O3_2008_6_11,KiO3/O3/Rodenbauch,O3,3,Grob 21 TP,11,6,2008,163,late,2,Hydropsyche siltalai,HS,6.857143,NA,10.43333333
O3_11_6_2008_HS,O3_2008_6_11,KiO3/O3/Rodenbauch,O3,3,Einzelexemplare,11,6,2008,163,late,2,Hydropsyche siltalai,HS,6.857143,NA,10.43333333
O3_11_6_2008_HS,O3_2008_6_11,KiO3/O3/Rodenbauch,O3,3,Grob,11,6,2008,163,late,2,Hydropsyche siltalai,HS,6.857143,NA,10.43333333
O3_28_4_2008_HS,O3_2008_4_28,KiO3/O3/Rodenbauch,O3,3,Grob,28,4,2008,119,early,1,Hydropsyche siltalai,HS,2.887218,NA,10.35833333
O3_28_4_2008_OV,O3_2008_4_28,KiO3/O3/Rothenbergen,O3,3,grob,28,4,2008,119,early,1,Orectochilus villosus,OV,1.443609,NA,10.35833333
O3_11_6_2008_PO,O3_2008_6_11,KiO3/O3/Rodenbauch,O3,3,Grob,11,6,2008,163,late,2,Prodiamesa olivacea,PO,36.57143,NA,10.43333333
W1_28_4_2008_AF,W1_2008_4_28,KiW1/W1/Bulau,W1,4,grob,28,4,2008,119,early,1,Ancylus fluviatilis,AF,1.107692,NA,10.46666667
W1_11_6_2008_AA,W1_2008_6_11,KiW1/W1/Bulau,W1,4,Grob,11,6,2008,163,late,2,Aphelocheirus aestivalis,AA,6.247619,NA,10.55833333
W1_28_4_2008_AA,W1_2008_4_28,KiW1/W1/Bulau,W1,4,Grob,28,4,2008,119,early,1,Aphelocheirus aestivalis,AA,3.323077,NA,10.46666667
W1_11_6_2008_BR,W1_2008_6_11,KiW1/W1/Bulau,W1,4,grob,11,6,2008,163,late,2,Baetis rhodani,BR,2.742857,NA,10.55833333
W1_11_6_2008_ET,W1_2008_6_11,KiW1/W1/Bulau,W1,4,grob,11,6,2008,163,late,2,Eiseniella tetraedra,ET,2.742857,NA,10.55833333
W1_11_6_2008_ED,W1_2008_6_11,KiW1/W1/Bulau,W1,4,Grob,11,6,2008,163,late,2,Ephemera danica,ED,14.47619,NA,10.55833333
W1_11_6_2008_ED,W1_2008_6_11,KiW1/W1/Bulau,W1,4,Einzelexemplare,11,6,2008,163,late,2,Ephemera danica,ED,14.47619,NA,10.55833333
W1_28_4_2008_ED,W1_2008_4_28,KiW1/W1/Bulau,W1,4,Einzelexemplare,28,4,2008,119,early,1,Ephemera danica,ED,6.338462,NA,10.46666667
W1_28_4_2008_ED,W1_2008_4_28,KiW1/W1/Bulau,W1,4,Grob,28,4,2008,119,early,1,Ephemera danica,ED,6.338462,NA,10.46666667
W1_28_4_2008_GR,W1_2008_4_28,KiW1/W1/Bulau,W1,4,grob,28,4,2008,119,early,1,Gammarus roeselii,GR,6.646154,NA,10.46666667
W1_11_6_2008_HS,W1_2008_6_11,KiW1/W1/Bulau,W1,4,Grob,11,6,2008,163,late,2,Hydropsyche siltalai,HS,12.49524,NA,10.55833333
Auba_23_6_2009_BR,Auba_2009_6_23,Aubach oh.Wiesthal,Auba,1,grob,23,6,2009,174,late,2,Baetis rhodani,BR,36.8,NA,9.175
Auba_8_4_2009_BR,Auba_2009_4_8,Aubach oh.Wiesthal,Auba,1,grob,8,4,2009,98,early,1,Baetis rhodani,BR,25.90476,NA,9.5
Auba_8_4_2009_ET,Auba_2009_4_8,Aubach,Auba,1,grob,8,4,2009,98,early,1,Eiseniella tetraedra,ET,0.761905,NA,9.5
Auba_23_6_2009_ED,Auba_2009_6_23,Aubach,Auba,1,Grob,23,6,2009,174,late,2,Ephemera danica,ED,4.8,NA,9.175
Auba_23_6_2009_ED,Auba_2009_6_23,Aubach,Auba,1,Einzelexemplare,23,6,2009,174,late,2,Ephemera danica,ED,4.8,NA,9.175
Auba_8_4_2009_ED,Auba_2009_4_8,Aubach,Auba,1,Grob,8,4,2009,98,early,1,Ephemera danica,ED,2.285714,NA,9.5
Auba_23_6_2009_HS,Auba_2009_6_23,Aubach,Auba,1,Grob,23,6,2009,174,late,2,Hydropsyche siltalai,HS,19.2,NA,9.175
Auba_8_4_2009_HS,Auba_2009_4_8,Aubach,Auba,1,Grob,8,4,2009,98,early,1,Hydropsyche siltalai,HS,19.04762,NA,9.5
Auba_23_6_2009_PO,Auba_2009_6_23,Aubach,Auba,1,Grob,23,6,2009,174,late,2,Prodiamesa olivacea,PO,3.2,NA,9.175
Auba_8_4_2009_PO,Auba_2009_4_8,Aubach,Auba,1,Grob,8,4,2009,98,early,1,Prodiamesa olivacea,PO,5.333333,NA,9.5
Bieb_23_6_2009_AF,Bieb_2009_6_23,Bieber oh. Roﬂbach,Bieb,2,grob,23,6,2009,174,late,2,Ancylus fluviatilis,AF,1.309091,NA,9.366666667
Bieb_8_4_2009_AF,Bieb_2009_4_8,Bieber oh. Roﬂbach,Bieb,2,grob,8,4,2009,98,early,1,Ancylus fluviatilis,AF,1.959184,NA,9.7
Bieb_23_6_2009_BR,Bieb_2009_6_23,Bieber,Bieb,2,grob,23,6,2009,174,late,2,Baetis rhodani,BR,2.618182,NA,9.366666667
Bieb_8_4_2009_BR,Bieb_2009_4_8,Bieber,Bieb,2,grob,8,4,2009,98,early,1,Baetis rhodani,BR,5.877551,NA,9.7
Bieb_23_6_2009_ET,Bieb_2009_6_23,Bieber,Bieb,2,grob,23,6,2009,174,late,2,Eiseniella tetraedra,ET,1.309091,NA,9.366666667
Bieb_23_6_2009_HS,Bieb_2009_6_23,Bieber,Bieb,2,Grob,23,6,2009,174,late,2,Hydropsyche siltalai,HS,17.01818,NA,9.366666667
Bieb_8_4_2009_HS,Bieb_2009_4_8,Bieber,Bieb,2,Grob,8,4,2009,98,early,1,Hydropsyche siltalai,HS,55.94558,NA,9.7
Bieb_23_6_2009_PO,Bieb_2009_6_23,Bieber,Bieb,2,Grob,23,6,2009,174,late,2,Prodiamesa olivacea,PO,159.7091,NA,9.366666667
Bieb_8_4_2009_PO,Bieb_2009_4_8,Bieber,Bieb,2,Grob,8,4,2009,98,early,1,Prodiamesa olivacea,PO,20.2449,NA,9.7
O3_23_6_2009_AF,O3_2009_6_23,KiO3/O3/Rothenbergen,O3,3,grob,23,6,2009,174,late,2,Ancylus fluviatilis,AF,19.2,NA,10.08333333
O3_9_4_2009_AF,O3_2009_4_9,KiO3/O3/Rothenbergen,O3,3,grob,9,4,2009,99,early,1,Ancylus fluviatilis,AF,19.04762,NA,10.41666667
O3_9_4_2009_AF,O3_2009_4_9,KiO3/O3/Rothenbergen,O3,3,21TP,9,4,2009,99,early,1,Ancylus fluviatilis,AF,19.04762,NA,10.41666667
O3_23_6_2009_AA,O3_2009_6_23,KiO3/O3/Rothenbergen,O3,3,Grob,23,6,2009,174,late,2,Aphelocheirus aestivalis,AA,19.2,NA,10.08333333
O3_9_4_2009_AA,O3_2009_4_9,KiO3/O3/Rothenbergen,O3,3,Grob,9,4,2009,99,early,1,Aphelocheirus aestivalis,AA,10.66667,NA,10.41666667
O3_23_6_2009_BR,O3_2009_6_23,KiO3/O3/Rothenbergen,O3,3,grob,23,6,2009,174,late,2,Baetis rhodani,BR,20,NA,10.08333333
O3_23_6_2009_BR,O3_2009_6_23,KiO3/O3/Rothenbergen,O3,3,Einzelexemplar,23,6,2009,174,late,2,Baetis rhodani,BR,20,NA,10.08333333
O3_9_4_2009_BR,O3_2009_4_9,KiO3/O3/Rothenbergen,O3,3,grob,9,4,2009,99,early,1,Baetis rhodani,BR,9.142857,NA,10.41666667
O3_9_4_2009_ET,O3_2009_4_9,KiO3/O3/Rothenbergen,O3,3,grob,9,4,2009,99,early,1,Eiseniella tetraedra,ET,0.761905,NA,10.41666667
O3_9_4_2009_ED,O3_2009_4_9,KiO3/O3/Rodenbauch,O3,3,Einzelexemplare,9,4,2009,99,early,1,Ephemera danica,ED,1.52381,NA,10.41666667
O3_9_4_2009_ED,O3_2009_4_9,KiO3/O3/Rodenbauch,O3,3,Grob,9,4,2009,99,early,1,Ephemera danica,ED,1.52381,NA,10.41666667
O3_23_6_2009_GR,O3_2009_6_23,KiO3/O3/Rothenbergen,O3,3,grob,23,6,2009,174,late,2,Gammarus roeselii,GR,19.2,NA,10.08333333
O3_9_4_2009_GR,O3_2009_4_9,KiO3/O3/Rothenbergen,O3,3,grob,9,4,2009,99,early,1,Gammarus roeselii,GR,40.38095,NA,10.41666667
O3_23_6_2009_HS,O3_2009_6_23,KiO3/O3/Rodenbauch,O3,3,Grob,23,6,2009,174,late,2,Hydropsyche siltalai,HS,4.8,NA,10.08333333
O3_9_4_2009_HS,O3_2009_4_9,KiO3/O3/Rodenbauch,O3,3,Grob,9,4,2009,99,early,1,Hydropsyche siltalai,HS,2.285714,NA,10.41666667
O3_23_6_2009_PO,O3_2009_6_23,KiO3/O3/Rodenbauch,O3,3,Grob,23,6,2009,174,late,2,Prodiamesa olivacea,PO,4.8,NA,10.08333333
O3_9_4_2009_PO,O3_2009_4_9,KiO3/O3/Rodenbauch,O3,3,Grob,9,4,2009,99,early,1,Prodiamesa olivacea,PO,8.380952,NA,10.41666667
W1_13_6_2009_AF,W1_2009_6_13,KiW1/W1/Bulau,W1,4,grob,13,6,2009,164,late,2,Ancylus fluviatilis,AF,4.8,NA,10.21666667
W1_7_5_2009_AF,W1_2009_5_7,KiW1/W1/Bulau,W1,4,grob,7,5,2009,127,early,1,Ancylus fluviatilis,AF,19.2,NA,10.4
W1_13_6_2009_AA,W1_2009_6_13,KiW1/W1/Bulau,W1,4,Grob,13,6,2009,164,late,2,Aphelocheirus aestivalis,AA,50.4,NA,10.21666667
W1_7_5_2009_AA,W1_2009_5_7,KiW1/W1/Bulau,W1,4,Grob,7,5,2009,127,early,1,Aphelocheirus aestivalis,AA,25.6,NA,10.4
W1_7_5_2009_BR,W1_2009_5_7,KiW1/W1/Bulau,W1,4,grob,7,5,2009,127,early,1,Baetis rhodani,BR,3.2,NA,10.4
W1_13_6_2009_ET,W1_2009_6_13,KiW1/W1/Bulau,W1,4,grob (Geo-Tag),13,6,2009,164,late,2,Eiseniella tetraedra,ET,4.8,NA,10.21666667
W1_13_6_2009_ED,W1_2009_6_13,KiW1/W1/Bulau,W1,4,Einzelexemplare,13,6,2009,164,late,2,Ephemera danica,ED,10.4,NA,10.21666667
W1_13_6_2009_ED,W1_2009_6_13,KiW1/W1/Bulau,W1,4,Grob,13,6,2009,164,late,2,Ephemera danica,ED,10.4,NA,10.21666667
W1_7_5_2009_ED,W1_2009_5_7,KiW1/W1/Bulau,W1,4,Grob,7,5,2009,127,early,1,Ephemera danica,ED,45.6,NA,10.4
W1_7_5_2009_ED,W1_2009_5_7,KiW1/W1/Bulau,W1,4,Einzelexemplare,7,5,2009,127,early,1,Ephemera danica,ED,45.6,NA,10.4
W1_13_6_2009_GR,W1_2009_6_13,KiW1/W1/Bulau,W1,4,grob,13,6,2009,164,late,2,Gammarus roeselii,GR,19.2,NA,10.21666667
W1_13_6_2009_HS,W1_2009_6_13,KiW1/W1/Bulau,W1,4,Grob,13,6,2009,164,late,2,Hydropsyche siltalai,HS,34.4,NA,10.21666667
W1_7_5_2009_HS,W1_2009_5_7,KiW1/W1/Bulau,W1,4,Grob,7,5,2009,127,early,1,Hydropsyche siltalai,HS,9.6,NA,10.4
Auba_16_3_2010_AF,Auba_2010_3_16,Aubach oh Wiesenthal,Auba,1,grob,16,3,2010,75,early,1,Ancylus fluviatilis,AF,4.8,NA,9.533333333
Auba_29_6_2010_AF,Auba_2010_6_29,Aubach oh Wiesenthal,Auba,1,grob,29,6,2010,180,late,2,Ancylus fluviatilis,AF,3.2,NA,9.141666667
Auba_16_3_2010_BR,Auba_2010_3_16,Aubach oh.Wiesthal,Auba,1,grob,16,3,2010,75,early,1,Baetis rhodani,BR,116,NA,9.533333333
Auba_29_6_2010_BR,Auba_2010_6_29,Aubach oh.Wiesthal,Auba,1,grob,29,6,2010,180,late,2,Baetis rhodani,BR,29.06667,NA,9.141666667
Auba_16_3_2010_ED,Auba_2010_3_16,Aubach,Auba,1,Grob,16,3,2010,75,early,1,Ephemera danica,ED,10.4,NA,9.533333333
Auba_16_3_2010_ED,Auba_2010_3_16,Aubach,Auba,1,Einzelexemplare,16,3,2010,75,early,1,Ephemera danica,ED,10.4,NA,9.533333333
Auba_29_6_2010_ED,Auba_2010_6_29,Aubach,Auba,1,Einzelexemplare,29,6,2010,180,late,2,Ephemera danica,ED,2.933333,NA,9.141666667
Auba_29_6_2010_ED,Auba_2010_6_29,Aubach,Auba,1,Grob,29,6,2010,180,late,2,Ephemera danica,ED,2.933333,NA,9.141666667
Auba_16_3_2010_HS,Auba_2010_3_16,Aubach,Auba,1,Grob,16,3,2010,75,early,1,Hydropsyche siltalai,HS,14.4,NA,9.533333333
Auba_29_6_2010_HS,Auba_2010_6_29,Aubach,Auba,1,Grob,29,6,2010,180,late,2,Hydropsyche siltalai,HS,6.133333,NA,9.141666667
Auba_29_6_2010_HS,Auba_2010_6_29,Aubach,Auba,1,Einzelexemplare,29,6,2010,180,late,2,Hydropsyche siltalai,HS,6.133333,NA,9.141666667
Auba_29_6_2010_PO,Auba_2010_6_29,Aubach,Auba,1,Grob,29,6,2010,180,late,2,Prodiamesa olivacea,PO,10.66667,NA,9.141666667
Bieb_16_3_2010_BR,Bieb_2010_3_16,Bieber,Bieb,2,grob,16,3,2010,75,early,1,Baetis rhodani,BR,73.34161,NA,9.75
Bieb_29_6_2010_BR,Bieb_2010_6_29,Bieber,Bieb,2,grob,29,6,2010,180,late,2,Baetis rhodani,BR,10.4,NA,9.35
Bieb_16_3_2010_ET,Bieb_2010_3_16,Bieber,Bieb,2,21TP,16,3,2010,75,early,1,Eiseniella tetraedra,ET,0.761905,NA,9.75
Bieb_16_3_2010_ED,Bieb_2010_3_16,Bieber,Bieb,2,Grob,16,3,2010,75,early,1,Ephemera danica,ED,1.192547,NA,9.75
Bieb_16_3_2010_HS,Bieb_2010_3_16,Bieber,Bieb,2,Grob,16,3,2010,75,early,1,Hydropsyche siltalai,HS,41.04348,NA,9.75
Bieb_29_6_2010_HS,Bieb_2010_6_29,Bieber,Bieb,2,Grob,29,6,2010,180,late,2,Hydropsyche siltalai,HS,5.6,NA,9.35
Bieb_16_3_2010_OV,Bieb_2010_3_16,Bieber,Bieb,2,grob,16,3,2010,75,early,1,Orectochilus villosus,OV,0.761905,NA,9.75
Bieb_16_3_2010_OV,Bieb_2010_3_16,Bieber,Bieb,2,21TP grob,16,3,2010,75,early,1,Orectochilus villosus,OV,0.761905,NA,9.75
Bieb_29_6_2010_PO,Bieb_2010_6_29,Bieber,Bieb,2,Grob,29,6,2010,180,late,2,Prodiamesa olivacea,PO,233.6,NA,9.35
O3_26_4_2010_AF,O3_2010_4_26,KiO3/O3/Rothenbergen,O3,3,grob,26,4,2010,116,early,1,Ancylus fluviatilis,AF,45.6,NA,10.26666667
O3_28_6_2010_AF,O3_2010_6_28,KiO3/O3/Rothenbergen,O3,3,grob,28,6,2010,179,late,2,Ancylus fluviatilis,AF,5.4,NA,10.125
O3_26_4_2010_AA,O3_2010_4_26,KiO3/O3/Rothenbergen,O3,3,Grob,26,4,2010,116,early,1,Aphelocheirus aestivalis,AA,6,NA,10.26666667
O3_28_6_2010_AA,O3_2010_6_28,KiO3/O3/Rothenbergen,O3,3,Grob,28,6,2010,179,late,2,Aphelocheirus aestivalis,AA,14.2,NA,10.125
O3_26_4_2010_BR,O3_2010_4_26,KiO3/O3/Rothenbergen,O3,3,grob,26,4,2010,116,early,1,Baetis rhodani,BR,6,NA,10.26666667
O3_26_6_2010_BR,O3_2010_6_26,KiO3/O3/Rothenbergen,O3,3,grob,26,6,2010,177,late,2,Baetis rhodani,BR,NA,NA,10.125
O3_26_4_2010_ET,O3_2010_4_26,KiO3/O3/Rothenbergen,O3,3,grob,26,4,2010,116,early,1,Eiseniella tetraedra,ET,9.6,NA,10.26666667
O3_28_6_2010_ED,O3_2010_6_28,KiO3/O3/Rodenbauch,O3,3,Einzelexemplare,28,6,2010,179,late,2,Ephemera danica,ED,0.8,NA,10.125
O3_28_6_2010_ED,O3_2010_6_28,KiO3/O3/Rodenbauch,O3,3,Grob,28,6,2010,179,late,2,Ephemera danica,ED,0.8,NA,10.125
O3_26_4_2010_GR,O3_2010_4_26,KiO3/O3/Rothenbergen,O3,3,grob,26,4,2010,116,early,1,Gammarus roeselii,GR,4.8,NA,10.26666667
O3_26_4_2010_HS,O3_2010_4_26,KiO3/O3/Rodenbauch,O3,3,Grob,26,4,2010,116,early,1,Hydropsyche siltalai,HS,3.6,NA,10.26666667
O3_28_6_2010_HS,O3_2010_6_28,KiO3/O3/Rodenbauch,O3,3,Grob,28,6,2010,179,late,2,Hydropsyche siltalai,HS,0.8,NA,10.125
O3_28_6_2010_PO,O3_2010_6_28,KiO3/O3/Rodenbauch,O3,3,Grob,28,6,2010,179,late,2,Prodiamesa olivacea,PO,9,NA,10.125
W1_25_6_2010_AA,W1_2010_6_25,KiW1/W1/Bulau,W1,4,Grob,25,6,2010,176,late,2,Aphelocheirus aestivalis,AA,10.4,NA,10.275
W1_26_4_2010_AA,W1_2010_4_26,KiW1/W1/Bulau,W1,4,Grob,26,4,2010,116,early,1,Aphelocheirus aestivalis,AA,31.83158,NA,10.425
W1_26_4_2010_BR,W1_2010_4_26,KiW1/W1/Bulau,W1,4,grob,26,4,2010,116,early,1,Baetis rhodani,BR,4.547368,NA,10.425
W1_25_6_2010_ET,W1_2010_6_25,KiW1/W1/Bulau,W1,4,grob,25,6,2010,176,late,2,Eiseniella tetraedra,ET,1.92,NA,10.275
W1_25_6_2010_ED,W1_2010_6_25,KiW1/W1/Bulau,W1,4,Grob,25,6,2010,176,late,2,Ephemera danica,ED,18.88,NA,10.275
W1_25_6_2010_ED,W1_2010_6_25,KiW1/W1/Bulau,W1,4,Einzelexemplare,25,6,2010,176,late,2,Ephemera danica,ED,18.88,NA,10.275
W1_26_4_2010_ED,W1_2010_4_26,KiW1/W1/Bulau,W1,4,Grob,26,4,2010,116,early,1,Ephemera danica,ED,22.02105,NA,10.425
W1_26_4_2010_ED,W1_2010_4_26,KiW1/W1/Bulau,W1,4,Einzelexemplare,26,4,2010,116,early,1,Ephemera danica,ED,22.02105,NA,10.425
W1_25_6_2010_GR,W1_2010_6_25,KiW1/W1/Bulau,W1,4,grob,25,6,2010,176,late,2,Gammarus roeselii,GR,1.92,NA,10.275
W1_26_4_2010_GR,W1_2010_4_26,KiW1/W1/Bulau,W1,4,grob,26,4,2010,116,early,1,Gammarus roeselii,GR,9.094737,NA,10.425
W1_25_6_2010_HS,W1_2010_6_25,KiW1/W1/Bulau,W1,4,Grob,25,6,2010,176,late,2,Hydropsyche siltalai,HS,1.92,NA,10.275
W1_26_4_2010_HS,W1_2010_4_26,KiW1/W1/Bulau,W1,4,Grob,26,4,2010,116,early,1,Hydropsyche siltalai,HS,4.547368,NA,10.425
W1_26_4_2010_PO,W1_2010_4_26,KiW1/W1/Bulau,W1,4,Grob,26,4,2010,116,early,1,Prodiamesa olivacea,PO,22.73684,NA,10.425
Auba_24_3_2011_BR,Auba_2011_3_24,Aubach oh.Wiesthal,Auba,1,grob,24,3,2011,83,early,1,Baetis rhodani,BR,15.2,NA,8.966666667
Auba_25_7_2011_BR,Auba_2011_7_25,Aubach oh.Wiesthal,Auba,1,grob,25,7,2011,206,late,2,Baetis rhodani,BR,10.4,NA,9.133333333
Auba_24_3_2011_ED,Auba_2011_3_24,Aubach,Auba,1,Grob,24,3,2011,83,early,1,Ephemera danica,ED,10.24,NA,8.966666667
Auba_24_3_2011_ED,Auba_2011_3_24,Aubach,Auba,1,Einzelexemplare,24,3,2011,83,early,1,Ephemera danica,ED,10.24,NA,8.966666667
Auba_25_7_2011_ED,Auba_2011_7_25,Aubach,Auba,1,Grob,25,7,2011,206,late,2,Ephemera danica,ED,5.066667,NA,9.133333333
Auba_25_7_2011_ED,Auba_2011_7_25,Aubach,Auba,1,Einzelexemplare,25,7,2011,206,late,2,Ephemera danica,ED,5.066667,NA,9.133333333
Auba_24_3_2011_HS,Auba_2011_3_24,Aubach,Auba,1,Grob,24,3,2011,83,early,1,Hydropsyche siltalai,HS,20.96,NA,8.966666667
Auba_24_3_2011_PO,Auba_2011_3_24,Aubach,Auba,1,Grob,24,3,2011,83,early,1,Prodiamesa olivacea,PO,7.68,NA,8.966666667
Auba_25_7_2011_PO,Auba_2011_7_25,Aubach,Auba,1,Grob,25,7,2011,206,late,2,Prodiamesa olivacea,PO,14.93333,NA,9.133333333
Bieb_24_3_2011_BR,Bieb_2011_3_24,Bieber,Bieb,2,grob,24,3,2011,83,early,1,Baetis rhodani,BR,22.4,NA,9.141666667
Bieb_25_7_2011_BR,Bieb_2011_7_25,Bieber,Bieb,2,grob,25,7,2011,206,late,2,Baetis rhodani,BR,8.378947,NA,9.316666667
Bieb_25_7_2011_ET,Bieb_2011_7_25,Bieber,Bieb,2,grob,25,7,2011,206,late,2,Eiseniella tetraedra,ET,1.515789,NA,9.316666667
Bieb_24_3_2011_HS,Bieb_2011_3_24,Bieber,Bieb,2,Grob,24,3,2011,83,early,1,Hydropsyche siltalai,HS,9.6,NA,9.141666667
Bieb_24_3_2011_OV,Bieb_2011_3_24,Bieber,Bieb,2,grob,24,3,2011,83,early,1,Orectochilus villosus,OV,3.2,NA,9.141666667
Bieb_24_3_2011_PO,Bieb_2011_3_24,Bieber,Bieb,2,Grob,24,3,2011,83,early,1,Prodiamesa olivacea,PO,1.6,NA,9.141666667
Bieb_25_7_2011_PO,Bieb_2011_7_25,Bieber,Bieb,2,Grob,25,7,2011,206,late,2,Prodiamesa olivacea,PO,25.76842,NA,9.316666667
O3_20_4_2011_AF,O3_2011_4_20,KiO3/O3/Rothenbergen,O3,3,grob,20,4,2011,110,early,1,Ancylus fluviatilis,AF,4.8,NA,10.075
O3_21_7_2011_AF,O3_2011_7_21,KiO3/O3/Rothenbergen,O3,3,grob,21,7,2011,202,late,2,Ancylus fluviatilis,AF,28.8,NA,10.01666667
O3_20_4_2011_AA,O3_2011_4_20,KiO3/O3/Rothenbergen,O3,3,Grob,20,4,2011,110,early,1,Aphelocheirus aestivalis,AA,3.2,NA,10.075
O3_21_7_2011_AA,O3_2011_7_21,KiO3/O3/Rothenbergen,O3,3,Grob,21,7,2011,202,late,2,Aphelocheirus aestivalis,AA,14.4,NA,10.01666667
O3_20_4_2011_BR,O3_2011_4_20,KiO3/O3/Rothenbergen,O3,3,grob,20,4,2011,110,early,1,Baetis rhodani,BR,8,NA,10.075
O3_20_4_2011_ET,O3_2011_4_20,KiO3/O3/Rothenbergen,O3,3,grob,20,4,2011,110,early,1,Eiseniella tetraedra,ET,0.8,NA,10.075
O3_21_7_2011_ET,O3_2011_7_21,KiO3/O3/Rothenbergen,O3,3,grob,21,7,2011,202,late,2,Eiseniella tetraedra,ET,3.2,NA,10.01666667
O3_21_7_2011_ED,O3_2011_7_21,KiO3/O3/Rodenbauch,O3,3,Einzelexemplare,21,7,2011,202,late,2,Ephemera danica,ED,0.8,NA,10.01666667
O3_21_7_2011_GR,O3_2011_7_21,KiO3/O3/Rothenbergen,O3,3,grob,21,7,2011,202,late,2,Gammarus roeselii,GR,19.2,NA,10.01666667
O3_20_4_2011_HS,O3_2011_4_20,KiO3/O3/Rodenbauch,O3,3,Grob,20,4,2011,110,early,1,Hydropsyche siltalai,HS,3.2,NA,10.075
O3_20_4_2011_OV,O3_2011_4_20,KiO3/O3/Rothenbergen,O3,3,grob,20,4,2011,110,early,1,Orectochilus villosus,OV,1.6,NA,10.075
O3_21_7_2011_PO,O3_2011_7_21,KiO3/O3/Rodenbauch,O3,3,Grob,21,7,2011,202,late,2,Prodiamesa olivacea,PO,8,NA,10.01666667
W1_20_4_2011_AF,W1_2011_4_20,KiW1/W1/Bulau,W1,4,grob,20,4,2011,110,early,1,Ancylus fluviatilis,AF,6.72,NA,10.20833333
W1_20_4_2011_AA,W1_2011_4_20,KiW1/W1/Bulau,W1,4,Grob,20,4,2011,110,early,1,Aphelocheirus aestivalis,AA,8.48,NA,10.20833333
W1_4_7_2011_AA,W1_2011_7_4,KiW1/W1/Bulau,W1,4,Grob,4,7,2011,185,late,2,Aphelocheirus aestivalis,AA,9,NA,10.15833333
W1_20_4_2011_BR,W1_2011_4_20,KiW1/W1/Bulau,W1,4,grob,20,4,2011,110,early,1,Baetis rhodani,BR,0.96,NA,10.20833333
W1_20_4_2011_ED,W1_2011_4_20,KiW1/W1/Bulau,W1,4,Grob,20,4,2011,110,early,1,Ephemera danica,ED,4.48,NA,10.20833333
W1_20_4_2011_ED,W1_2011_4_20,KiW1/W1/Bulau,W1,4,Einzelexemplare,20,4,2011,110,early,1,Ephemera danica,ED,4.48,NA,10.20833333
W1_4_7_2011_ED,W1_2011_7_4,KiW1/W1/Bulau,W1,4,Einzelexemplare,4,7,2011,185,late,2,Ephemera danica,ED,17,NA,10.15833333
W1_4_7_2011_ED,W1_2011_7_4,KiW1/W1/Bulau,W1,4,Grob,4,7,2011,185,late,2,Ephemera danica,ED,17,NA,10.15833333
W1_20_4_2011_HS,W1_2011_4_20,KiW1/W1/Bulau,W1,4,Grob,20,4,2011,110,early,1,Hydropsyche siltalai,HS,2.72,NA,10.20833333
Auba_19_3_2012_BR,Auba_2012_3_19,Aubach oh.Wiesthal,Auba,1,grob,19,3,2012,79,early,1,Baetis rhodani,BR,25.05263,NA,10.00833333
Auba_21_6_2012_BR,Auba_2012_6_21,Aubach oh.Wiesthal,Auba,1,grob,21,6,2012,173,late,2,Baetis rhodani,BR,24.38095,NA,9.633333333
Auba_19_3_2012_ET,Auba_2012_3_19,Aubach,Auba,1,grob,19,3,2012,79,early,1,Eiseniella tetraedra,ET,1.515789,NA,10.00833333
Auba_19_3_2012_ED,Auba_2012_3_19,Aubach,Auba,1,Grob,19,3,2012,79,early,1,Ephemera danica,ED,18.27368,NA,10.00833333
Auba_19_3_2012_ED,Auba_2012_3_19,Aubach,Auba,1,Einzelexemplare,19,3,2012,79,early,1,Ephemera danica,ED,18.27368,NA,10.00833333
Auba_21_6_2012_ED,Auba_2012_6_21,Aubach,Auba,1,Grob,21,6,2012,173,late,2,Ephemera danica,ED,28.95238,NA,9.633333333
Auba_21_6_2012_ED,Auba_2012_6_21,Aubach,Auba,1,Einzelexemplare,21,6,2012,173,late,2,Ephemera danica,ED,28.95238,NA,9.633333333
Auba_21_6_2012_HS,Auba_2012_6_21,Aubach,Auba,1,Grob,21,6,2012,173,late,2,Hydropsyche siltalai,HS,2.285714,NA,9.633333333
Auba_19_3_2012_PO,Auba_2012_3_19,Aubach,Auba,1,Grob,19,3,2012,79,early,1,Prodiamesa olivacea,PO,7.578947,NA,10.00833333
Auba_21_6_2012_PO,Auba_2012_6_21,Aubach,Auba,1,Grob,21,6,2012,173,late,2,Prodiamesa olivacea,PO,0.761905,NA,9.633333333
Bieb_19_3_2012_BR,Bieb_2012_3_19,Bieber,Bieb,2,grob,19,3,2012,79,early,1,Baetis rhodani,BR,94.77647,10.10923887,10.21666667
Bieb_21_6_2012_BR,Bieb_2012_6_21,Bieber,Bieb,2,grob,21,6,2012,173,late,2,Baetis rhodani,BR,2.109091,9.939641775,9.816666667
Bieb_21_6_2012_ET,Bieb_2012_6_21,Bieber,Bieb,2,grob,21,6,2012,173,late,2,Eiseniella tetraedra,ET,1.309091,9.939641775,9.816666667
Bieb_21_6_2012_ED,Bieb_2012_6_21,Bieber,Bieb,2,Grob,21,6,2012,173,late,2,Ephemera danica,ED,1.309091,9.939641775,9.816666667
Bieb_19_3_2012_HS,Bieb_2012_3_19,Bieber,Bieb,2,Grob,19,3,2012,79,early,1,Hydropsyche siltalai,HS,15.24706,10.10923887,10.21666667
Bieb_19_3_2012_OV,Bieb_2012_3_19,Bieber,Bieb,2,grob,19,3,2012,79,early,1,Orectochilus villosus,OV,5.882353,10.10923887,10.21666667
Bieb_21_6_2012_PO,Bieb_2012_6_21,Bieber,Bieb,2,Grob,21,6,2012,173,late,2,Prodiamesa olivacea,PO,2.618182,9.939641775,9.816666667
O3_12_7_2012_AA,O3_2012_7_12,KiO3/O3/Rothenbergen,O3,3,Grob,12,7,2012,194,late,2,Aphelocheirus aestivalis,AA,10.28571,NA,10.625
O3_21_3_2012_AA,O3_2012_3_21,KiO3/O3/Rothenbergen,O3,3,Grob,21,3,2012,81,early,1,Aphelocheirus aestivalis,AA,4.114286,NA,10.925
O3_21_3_2012_BR,O3_2012_3_21,KiO3/O3/Rothenbergen,O3,3,grob,21,3,2012,81,early,1,Baetis rhodani,BR,30.4,NA,10.925
O3_21_3_2012_BR,O3_2012_3_21,KiO3/O3/Rothenbergen,O3,3,Einzelexemplar,21,3,2012,81,early,1,Baetis rhodani,BR,30.4,NA,10.925
O3_12_7_2012_ED,O3_2012_7_12,KiO3/O3/Rodenbauch,O3,3,Einzelexemplare,12,7,2012,194,late,2,Ephemera danica,ED,0.8,NA,10.625
O3_21_3_2012_ED,O3_2012_3_21,KiO3/O3/Rodenbauch,O3,3,Einzelexemplare,21,3,2012,81,early,1,Ephemera danica,ED,0.8,NA,10.925
O3_12_7_2012_GR,O3_2012_7_12,KiO3/O3/Rothenbergen,O3,3,grob,12,7,2012,194,late,2,Gammarus roeselii,GR,125.4857,NA,10.625
O3_21_3_2012_GR,O3_2012_3_21,KiO3/O3/Rothenbergen,O3,3,grob,21,3,2012,81,early,1,Gammarus roeselii,GR,4.114286,NA,10.925
O3_21_3_2012_OV,O3_2012_3_21,KiO3/O3/Rothenbergen,O3,3,grob,21,3,2012,81,early,1,Orectochilus villosus,OV,8.228571,NA,10.925
O3_12_7_2012_PO,O3_2012_7_12,KiO3/O3/Rodenbauch,O3,3,Grob,12,7,2012,194,late,2,Prodiamesa olivacea,PO,27.54286,NA,10.625
O3_21_3_2012_PO,O3_2012_3_21,KiO3/O3/Rodenbauch,O3,3,Grob,21,3,2012,81,early,1,Prodiamesa olivacea,PO,135.7714,NA,10.925
W1_21_3_2012_AF,W1_2012_3_21,KiW1/W1/Bulau,W1,4,grob,21,3,2012,81,early,1,Ancylus fluviatilis,AF,0.8,11.60336355,11.09166667
W1_21_3_2012_AA,W1_2012_3_21,KiW1/W1/Bulau,W1,4,Grob,21,3,2012,81,early,1,Aphelocheirus aestivalis,AA,9.6,11.60336355,11.09166667
W1_28_6_2012_AA,W1_2012_6_28,KiW1/W1/Bulau,W1,4,Grob,28,6,2012,180,late,2,Aphelocheirus aestivalis,AA,12.8,11.39026067,10.65833333
W1_21_3_2012_BR,W1_2012_3_21,KiW1/W1/Bulau,W1,4,grob,21,3,2012,81,early,1,Baetis rhodani,BR,2.4,11.60336355,11.09166667
W1_21_3_2012_ED,W1_2012_3_21,KiW1/W1/Bulau,W1,4,Einzelexemplare,21,3,2012,81,early,1,Ephemera danica,ED,3.2,11.60336355,11.09166667
W1_21_3_2012_ED,W1_2012_3_21,KiW1/W1/Bulau,W1,4,Grob,21,3,2012,81,early,1,Ephemera danica,ED,3.2,11.60336355,11.09166667
W1_28_6_2012_ED,W1_2012_6_28,KiW1/W1/Bulau,W1,4,Grob,28,6,2012,180,late,2,Ephemera danica,ED,12.8,11.39026067,10.65833333
W1_28_6_2012_ED,W1_2012_6_28,KiW1/W1/Bulau,W1,4,Einzelexemplare,28,6,2012,180,late,2,Ephemera danica,ED,12.8,11.39026067,10.65833333
W1_21_3_2012_GR,W1_2012_3_21,KiW1/W1/Bulau,W1,4,grob,21,3,2012,81,early,1,Gammarus roeselii,GR,32.8,11.60336355,11.09166667
W1_28_6_2012_GR,W1_2012_6_28,KiW1/W1/Bulau,W1,4,grob,28,6,2012,180,late,2,Gammarus roeselii,GR,9.6,11.39026067,10.65833333
W1_21_3_2012_PO,W1_2012_3_21,KiW1/W1/Bulau,W1,4,Grob,21,3,2012,81,early,1,Prodiamesa olivacea,PO,13.6,11.60336355,11.09166667
W1_28_6_2012_PO,W1_2012_6_28,KiW1/W1/Bulau,W1,4,Grob,28,6,2012,180,late,2,Prodiamesa olivacea,PO,11.2,11.39026067,10.65833333
Auba_20_3_2013_BR,Auba_2013_3_20,Aubach oh.Wiesthal,Auba,1,grob,20,3,2013,79,early,1,Baetis rhodani,BR,11.8,9.511455665,9.041666667
Auba_17_6_2013_ED,Auba_2013_6_17,Aubach,Auba,1,Einzelexemplare,17,6,2013,168,late,2,Ephemera danica,ED,52.4,9.168300937,8.8
Auba_17_6_2013_ED,Auba_2013_6_17,Aubach,Auba,1,Grob,17,6,2013,168,late,2,Ephemera danica,ED,52.4,9.168300937,8.8
Auba_20_3_2013_ED,Auba_2013_3_20,Aubach,Auba,1,Grob,20,3,2013,79,early,1,Ephemera danica,ED,40,9.511455665,9.041666667
Auba_17_6_2013_HS,Auba_2013_6_17,Aubach,Auba,1,Grob,17,6,2013,168,late,2,Hydropsyche siltalai,HS,1.2,9.168300937,8.8
Auba_20_3_2013_HS,Auba_2013_3_20,Aubach,Auba,1,Grob,20,3,2013,79,early,1,Hydropsyche siltalai,HS,5,9.511455665,9.041666667
Auba_20_3_2013_OV,Auba_2013_3_20,Aubach oh Wiesenthal,Auba,1,grob,20,3,2013,79,early,1,Orectochilus villosus,OV,4,9.511455665,9.041666667
Auba_17_6_2013_PO,Auba_2013_6_17,Aubach,Auba,1,Grob,17,6,2013,168,late,2,Prodiamesa olivacea,PO,1.2,9.168300937,8.8
Auba_20_3_2013_PO,Auba_2013_3_20,Aubach,Auba,1,Grob,20,3,2013,79,early,1,Prodiamesa olivacea,PO,1,9.511455665,9.041666667
Bieb_19_3_2013_BR,Bieb_2013_3_19,Bieber,Bieb,2,grob,19,3,2013,78,early,1,Baetis rhodani,BR,56,NA,9.191666667
Bieb_19_3_2013_ET,Bieb_2013_3_19,Bieber,Bieb,2,grob,19,3,2013,78,early,1,Eiseniella tetraedra,ET,3.2,NA,9.191666667
Bieb_19_3_2013_ET,Bieb_2013_3_19,Bieber,Bieb,2,TEST -REST 322,19,3,2013,78,early,1,Eiseniella tetraedra,ET,3.2,NA,9.191666667
Bieb_19_3_2013_ET,Bieb_2013_3_19,Bieber,Bieb,2,TEST -REST 321,19,3,2013,78,early,1,Eiseniella tetraedra,ET,3.2,NA,9.191666667
Bieb_17_6_2013_ED,Bieb_2013_6_17,Bieber,Bieb,2,Grob,17,6,2013,168,late,2,Ephemera danica,ED,2.181818,NA,8.966666667
Bieb_19_3_2013_ED,Bieb_2013_3_19,Bieber,Bieb,2,Test/Rest/Grob,19,3,2013,78,early,1,Ephemera danica,ED,NA,NA,9.191666667
Bieb_19_3_2013_ED,Bieb_2013_3_19,Bieber,Bieb,2,Test/Grob,19,3,2013,78,early,1,Ephemera danica,ED,NA,NA,9.191666667
Bieb_17_6_2013_HS,Bieb_2013_6_17,Bieber,Bieb,2,Einzelexemplare,17,6,2013,168,late,2,Hydropsyche siltalai,HS,2.981818,NA,8.966666667
Bieb_19_3_2013_HS,Bieb_2013_3_19,Bieber,Bieb,2,Grob,19,3,2013,78,early,1,Hydropsyche siltalai,HS,28.8,NA,9.191666667
Bieb_19_3_2013_OV,Bieb_2013_3_19,Bieber,Bieb,2,TEST,19,3,2013,78,early,1,Orectochilus villosus,OV,7.2,NA,9.191666667
Bieb_19_3_2013_OV,Bieb_2013_3_19,Bieber,Bieb,2,TEST grob,19,3,2013,78,early,1,Orectochilus villosus,OV,7.2,NA,9.191666667
Bieb_19_3_2013_OV,Bieb_2013_3_19,Bieber,Bieb,2,grob,19,3,2013,78,early,1,Orectochilus villosus,OV,7.2,NA,9.191666667
Bieb_19_3_2013_OV,Bieb_2013_3_19,Bieber,Bieb,2,Einzelexemplar,19,3,2013,78,early,1,Orectochilus villosus,OV,7.2,NA,9.191666667
O3_25_4_2013_AF,O3_2013_4_25,KiO3/O3/Rothenbergen,O3,3,grob,25,4,2013,115,early,1,Ancylus fluviatilis,AF,4.8,10.88388592,9.975
O3_1_7_2013_AA,O3_2013_7_1,KiO3/O3/Rothenbergen,O3,3,Grob,1,7,2013,182,late,2,Aphelocheirus aestivalis,AA,4.8,10.45683623,9.941666667
O3_25_4_2013_AA,O3_2013_4_25,KiO3/O3/Rothenbergen,O3,3,Grob,25,4,2013,115,early,1,Aphelocheirus aestivalis,AA,1.6,10.88388592,9.975
O3_1_7_2013_BR,O3_2013_7_1,KiO3/O3/Rothenbergen,O3,3,grob,1,7,2013,182,late,2,Baetis rhodani,BR,7.2,10.45683623,9.941666667
O3_25_4_2013_BR,O3_2013_4_25,KiO3/O3/Rothenbergen,O3,3,grob,25,4,2013,115,early,1,Baetis rhodani,BR,1.6,10.88388592,9.975
O3_1_7_2013_ET,O3_2013_7_1,KiO3/O3/Rothenbergen,O3,3,grob,1,7,2013,182,late,2,Eiseniella tetraedra,ET,2.4,10.45683623,9.941666667
O3_25_4_2013_ET,O3_2013_4_25,KiO3/O3/Rothenbergen,O3,3,Einzelexemplar,25,4,2013,115,early,1,Eiseniella tetraedra,ET,0.8,10.88388592,9.975
O3_1_7_2013_ED,O3_2013_7_1,KiO3/O3/Rodenbauch,O3,3,Grob,1,7,2013,182,late,2,Ephemera danica,ED,1.6,10.45683623,9.941666667
O3_1_7_2013_GR,O3_2013_7_1,KiO3/O3/Rothenbergen,O3,3,grob,1,7,2013,182,late,2,Gammarus roeselii,GR,21.6,10.45683623,9.941666667
O3_25_4_2013_GR,O3_2013_4_25,KiO3/O3/Rothenbergen,O3,3,grob,25,4,2013,115,early,1,Gammarus roeselii,GR,7.2,10.88388592,9.975
O3_25_4_2013_OV,O3_2013_4_25,KiO3/O3/Rothenbergen,O3,3,grob,25,4,2013,115,early,1,Orectochilus villosus,OV,1.6,10.88388592,9.975
O3_1_7_2013_PO,O3_2013_7_1,KiO3/O3/Rodenbauch,O3,3,Grob,1,7,2013,182,late,2,Prodiamesa olivacea,PO,11.2,10.45683623,9.941666667
W1_9_4_2013_AF,W1_2013_4_9,KiW1/W1/Bulau,W1,4,grob,9,4,2013,99,early,1,Ancylus fluviatilis,AF,3.2,11.02415473,10.11666667
W1_27_6_2013_AA,W1_2013_6_27,KiW1/W1/Bulau,W1,4,Grob,27,6,2013,178,late,2,Aphelocheirus aestivalis,AA,18.8,10.70776835,9.841666667
W1_9_4_2013_AA,W1_2013_4_9,KiW1/W1/Bulau,W1,4,Grob,9,4,2013,99,early,1,Aphelocheirus aestivalis,AA,8,11.02415473,10.11666667
W1_9_4_2013_BR,W1_2013_4_9,KiW1/W1/Bulau,W1,4,grob,9,4,2013,99,early,1,Baetis rhodani,BR,0.8,11.02415473,10.11666667
W1_27_6_2013_ET,W1_2013_6_27,KiW1/W1/Bulau,W1,4,grob,27,6,2013,178,late,2,Eiseniella tetraedra,ET,1.5,10.70776835,9.841666667
W1_27_6_2013_ED,W1_2013_6_27,KiW1/W1/Bulau,W1,4,Grob,27,6,2013,178,late,2,Ephemera danica,ED,39.8,10.70776835,9.841666667
W1_27_6_2013_ED,W1_2013_6_27,KiW1/W1/Bulau,W1,4,Einzelexemplare,27,6,2013,178,late,2,Ephemera danica,ED,39.8,10.70776835,9.841666667
W1_9_4_2013_ED,W1_2013_4_9,KiW1/W1/Bulau,W1,4,Grob,9,4,2013,99,early,1,Ephemera danica,ED,22.4,11.02415473,10.11666667
W1_9_4_2013_ED,W1_2013_4_9,KiW1/W1/Bulau,W1,4,Einzelexemplare,9,4,2013,99,early,1,Ephemera danica,ED,22.4,11.02415473,10.11666667
W1_27_6_2013_GR,W1_2013_6_27,KiW1/W1/Bulau,W1,4,grob,27,6,2013,178,late,2,Gammarus roeselii,GR,9,10.70776835,9.841666667
W1_9_4_2013_GR,W1_2013_4_9,KiW1/W1/Bulau,W1,4,grob,9,4,2013,99,early,1,Gammarus roeselii,GR,8,11.02415473,10.11666667
W1_9_4_2013_HS,W1_2013_4_9,KiW1/W1/Bulau,W1,4,Grob,9,4,2013,99,early,1,Hydropsyche siltalai,HS,0.8,11.02415473,10.11666667
W1_27_6_2013_PO,W1_2013_6_27,KiW1/W1/Bulau,W1,4,Grob,27,6,2013,178,late,2,Prodiamesa olivacea,PO,4.5,10.70776835,9.841666667
W1_9_4_2013_PO,W1_2013_4_9,KiW1/W1/Bulau,W1,4,Grob,9,4,2013,99,early,1,Prodiamesa olivacea,PO,4.8,11.02415473,10.11666667
Auba_11_3_2014_AF,Auba_2014_3_11,Aubach oh Wiesenthal,Auba,1,grob,11,3,2014,70,early,1,Ancylus fluviatilis,AF,2,9.50444614,10.34166667
Auba_17_6_2014_AF,Auba_2014_6_17,Aubach oh Wiesenthal,Auba,1,grob,17,6,2014,168,late,2,Ancylus fluviatilis,AF,9,9.290964368,10.69166667
Auba_11_3_2014_BR,Auba_2014_3_11,Aubach oh.Wiesthal,Auba,1,grob,11,3,2014,70,early,1,Baetis rhodani,BR,6.8,9.50444614,10.34166667
Auba_17_6_2014_BR,Auba_2014_6_17,Aubach oh.Wiesthal,Auba,1,grob,17,6,2014,168,late,2,Baetis rhodani,BR,45.8,9.290964368,10.69166667
Auba_11_3_2014_ED,Auba_2014_3_11,Aubach,Auba,1,Einzelexemplare,11,3,2014,70,early,1,Ephemera danica,ED,24.8,9.50444614,10.34166667
Auba_11_3_2014_ED,Auba_2014_3_11,Aubach,Auba,1,Grob,11,3,2014,70,early,1,Ephemera danica,ED,24.8,9.50444614,10.34166667
Auba_17_6_2014_ED,Auba_2014_6_17,Aubach,Auba,1,Grob,17,6,2014,168,late,2,Ephemera danica,ED,22.6,9.290964368,10.69166667
Auba_17_6_2014_ED,Auba_2014_6_17,Aubach,Auba,1,Einzelexemplare,17,6,2014,168,late,2,Ephemera danica,ED,22.6,9.290964368,10.69166667
Auba_3_11_2014_HS,Auba_2014_3_11,Aubach,Auba,1,Einzelexemplare,11,3,2014,70,early,1,Hydropsyche siltalai,HS,14.8,9.50444614,10.34166667
Auba_3_11_2014_HS,Auba_2014_3_11,Aubach,Auba,1,main,11,3,2014,70,early,1,Hydropsyche siltalai,HS,14.8,9.50444614,10.34166667
Auba_17_6_2014_PO,Auba_2014_6_17,Aubach,Auba,1,Grob,17,6,2014,168,late,2,Prodiamesa olivacea,PO,150,9.290964368,10.69166667
Bieb_11_3_2014_BR,Bieb_2014_3_11,Bieber,Bieb,2,grob,11,3,2014,70,early,1,Baetis rhodani,BR,21.8,NA,10.54166667
Bieb_17_6_2014_ET,Bieb_2014_6_17,Bieber,Bieb,2,grob,17,6,2014,168,late,2,Eiseniella tetraedra,ET,3,NA,10.9
Bieb_11_3_2014_ED,Bieb_2014_3_11,Bieber,Bieb,2,Grob,11,3,2014,70,early,1,Ephemera danica,ED,26.4,NA,10.54166667
Bieb_11_3_2014_ED,Bieb_2014_3_11,Bieber,Bieb,2,Einzelexemplare,11,3,2014,70,early,1,Ephemera danica,ED,26.4,NA,10.54166667
Bieb_17_6_2014_ED,Bieb_2014_6_17,Bieber,Bieb,2,Grob,17,6,2014,168,late,2,Ephemera danica,ED,12,NA,10.9
Bieb_11_3_2014_HS,Bieb_2014_3_11,Bieber,Bieb,2,Grob,11,3,2014,70,early,1,Hydropsyche siltalai,HS,6,NA,10.54166667
Bieb_17_6_2014_HS,Bieb_2014_6_17,Bieber,Bieb,2,Einzelexemplare,17,6,2014,168,late,2,Hydropsyche siltalai,HS,0.8,NA,10.9
Bieb_11_3_2014_OV,Bieb_2014_3_11,Bieber,Bieb,2,grob,11,3,2014,70,early,1,Orectochilus villosus,OV,3.8,NA,10.54166667
Bieb_11_3_2014_OV,Bieb_2014_3_11,Bieber,Bieb,2,Einzelexemplar,11,3,2014,70,early,1,Orectochilus villosus,OV,3.8,NA,10.54166667
Bieb_11_3_2014_PO,Bieb_2014_3_11,Bieber,Bieb,2,Grob,11,3,2014,70,early,1,Prodiamesa olivacea,PO,246,NA,10.54166667
O3_10_3_2014_AF,O3_2014_3_10,KiO3/O3/Rothenbergen,O3,3,grob,10,3,2014,69,early,1,Ancylus fluviatilis,AF,48.7619,11.02946866,11.225
O3_10_3_2014_AF,O3_2014_3_10,KiO3/O3/Rothenbergen,O3,3,21TP,10,3,2014,69,early,1,Ancylus fluviatilis,AF,48.7619,11.02946866,11.225
O3_10_3_2014_AA,O3_2014_3_10,KiO3/O3/Rothenbergen,O3,3,Grob,10,3,2014,69,early,1,Aphelocheirus aestivalis,AA,13.71429,11.02946866,11.225
O3_12_6_2014_AA,O3_2014_6_12,KiO3/O3/Rothenbergen,O3,3,Grob,12,6,2014,163,late,2,Aphelocheirus aestivalis,AA,20,10.81162656,11.625
O3_10_3_2014_BR,O3_2014_3_10,KiO3/O3/Rothenbergen,O3,3,Einzelexemplar,10,3,2014,69,early,1,Baetis rhodani,BR,20.57143,11.02946866,11.225
O3_12_6_2014_BR,O3_2014_6_12,KiO3/O3/Rothenbergen,O3,3,grob,12,6,2014,163,late,2,Baetis rhodani,BR,10.4,10.81162656,11.625
O3_10_3_2014_ET,O3_2014_3_10,KiO3/O3/Rothenbergen,O3,3,grob,10,3,2014,69,early,1,Eiseniella tetraedra,ET,2.285714,11.02946866,11.225
O3_10_3_2014_ED,O3_2014_3_10,KiO3/O3/Rodenbauch,O3,3,Einzelexemplare,10,3,2014,69,early,1,Ephemera danica,ED,3.047619,11.02946866,11.225
O3_10_3_2014_GR,O3_2014_3_10,KiO3/O3/Rothenbergen,O3,3,grob,10,3,2014,69,early,1,Gammarus roeselii,GR,49.52381,11.02946866,11.225
O3_12_6_2014_GR,O3_2014_6_12,KiO3/O3/Rothenbergen,O3,3,grob,12,6,2014,163,late,2,Gammarus roeselii,GR,100.8,10.81162656,11.625
O3_10_3_2014_OV,O3_2014_3_10,KiO3/O3/Rothenbergen,O3,3,grob,10,3,2014,69,early,1,Orectochilus villosus,OV,2.285714,11.02946866,11.225
O3_10_3_2014_PO,O3_2014_3_10,KiO3/O3/Rodenbauch,O3,3,Grob,10,3,2014,69,early,1,Prodiamesa olivacea,PO,3.047619,11.02946866,11.225
O3_12_6_2014_PO,O3_2014_6_12,KiO3/O3/Rodenbauch,O3,3,Grob,12,6,2014,168,late,2,Prodiamesa olivacea,PO,4.8,10.81162656,11.625
W1_10_3_2014_AF,W1_2014_3_10,KiW1/W1/Bulau,W1,4,grob,10,3,2014,69,early,1,Ancylus fluviatilis,AF,10.56,11.30350443,11.3
W1_10_6_2014_AF,W1_2014_6_10,KiW1/W1/Bulau,W1,4,grob,10,6,2014,161,late,2,Ancylus fluviatilis,AF,3.692308,12.42919707,11.70833333
W1_10_3_2014_AA,W1_2014_3_10,KiW1/W1/Bulau,W1,4,Grob,10,3,2014,69,early,1,Aphelocheirus aestivalis,AA,14.88,11.30350443,11.3
W1_10_6_2014_BR,W1_2014_6_10,KiW1/W1/Bulau,W1,4,grob,10,6,2014,161,late,2,Baetis rhodani,BR,0.8,12.42919707,11.70833333
W1_10_3_2014_ET,W1_2014_3_10,KiW1/W1/Bulau,W1,4,grob,10,3,2014,69,early,1,Eiseniella tetraedra,ET,0.96,11.30350443,11.3
W1_10_3_2014_ED,W1_2014_3_10,KiW1/W1/Bulau,W1,4,Grob,10,3,2014,69,early,1,Ephemera danica,ED,20.48,11.30350443,11.3
W1_10_6_2014_ED,W1_2014_6_10,KiW1/W1/Bulau,W1,4,Grob,10,6,2014,161,late,2,Ephemera danica,ED,71.26154,12.42919707,11.70833333
W1_10_6_2014_ED,W1_2014_6_10,KiW1/W1/Bulau,W1,4,Einzelexemplare,10,6,2014,161,late,2,Ephemera danica,ED,71.26154,12.42919707,11.70833333
W1_10_3_2014_GR,W1_2014_3_10,KiW1/W1/Bulau,W1,4,grob,10,3,2014,69,early,1,Gammarus roeselii,GR,20.16,11.30350443,11.3
W1_10_6_2014_GR,W1_2014_6_10,KiW1/W1/Bulau,W1,4,grob,10,6,2014,161,late,2,Gammarus roeselii,GR,27.69231,12.42919707,11.70833333
W1_10_3_2014_PO,W1_2014_3_10,KiW1/W1/Bulau,W1,4,Grob,10,3,2014,69,early,1,Prodiamesa olivacea,PO,37.44,11.30350443,11.3
W1_10_6_2014_PO,W1_2014_6_10,KiW1/W1/Bulau,W1,4,Grob,10,6,2014,161,late,2,Prodiamesa olivacea,PO,3.692308,12.42919707,11.70833333
Auba_16_6_2015_BR,Auba_2015_6_16,Aubach oh.Wiesthal,Auba,1,grob,16,6,2015,167,late,2,Baetis rhodani,BR,4.8,9.98543913,10.025
Auba_10_3_2015_ET,Auba_2015_3_10,Aubach,Auba,1,grob,10,3,2015,69,early,1,Eiseniella tetraedra,ET,1.92,9.396444518,10.16666667
Auba_10_3_2015_ED,Auba_2015_3_10,Aubach,Auba,1,Einzelexemplare,10,3,2015,69,early,1,Ephemera danica,ED,15.84,9.396444518,10.16666667
Auba_10_3_2015_ED,Auba_2015_3_10,Aubach,Auba,1,Grob,10,3,2015,69,early,1,Ephemera danica,ED,15.84,9.396444518,10.16666667
Auba_16_6_2015_ED,Auba_2015_6_16,Aubach,Auba,1,Einzelexemplare,16,6,2015,167,late,2,Ephemera danica,ED,34.4,9.98543913,10.025
Auba_16_6_2015_ED,Auba_2015_6_16,Aubach,Auba,1,Grob,16,6,2015,167,late,2,Ephemera danica,ED,34.4,9.98543913,10.025
Auba_10_3_2015_HS,Auba_2015_3_10,Aubach,Auba,1,Grob,10,3,2015,69,early,1,Hydropsyche siltalai,HS,7.52,9.396444518,10.16666667
Auba_16_6_2015_HS,Auba_2015_6_16,Aubach,Auba,1,Grob,16,6,2015,167,late,2,Hydropsyche siltalai,HS,20.8,9.98543913,10.025
Auba_16_6_2015_HS,Auba_2015_6_16,Aubach,Auba,1,Einzelexemplare,16,6,2015,167,late,2,Hydropsyche siltalai,HS,20.8,9.98543913,10.025
Auba_10_3_2015_OV,Auba_2015_3_10,Aubach oh Wiesenthal,Auba,1,grob,10,3,2015,69,early,1,Orectochilus villosus,OV,3.84,9.396444518,10.16666667
Auba_16_6_2015_PO,Auba_2015_6_16,Aubach,Auba,1,Grob,16,6,2015,167,late,2,Prodiamesa olivacea,PO,168,9.98543913,10.025
Bieb_25_3_2015_BR,Bieb_2015_3_25,Bieber,Bieb,2,grob,25,3,2015,84,early,1,Baetis rhodani,BR,132.2286,NA,10.35
Bieb_25_3_2015_BR,Bieb_2015_3_25,Bieber,Bieb,2,Einzelexemplar,25,3,2015,84,early,1,Baetis rhodani,BR,132.2286,NA,10.35
Bieb_16_6_2015_ET,Bieb_2015_6_16,Bieber,Bieb,2,Einzelexemplar,16,6,2015,167,late,2,Eiseniella tetraedra,ET,7.2,10.40237364,10.20833333
Bieb_16_6_2015_ET,Bieb_2015_6_16,Bieber,Bieb,2,grob,16,6,2015,167,late,2,Eiseniella tetraedra,ET,7.2,10.40237364,10.20833333
Bieb_25_3_2015_ET,Bieb_2015_3_25,Bieber,Bieb,2,Einzelexemplar,25,3,2015,84,early,1,Eiseniella tetraedra,ET,0.8,NA,10.35
Bieb_16_6_2015_ED,Bieb_2015_6_16,Bieber,Bieb,2,Einzelexemplare,16,6,2015,167,late,2,Ephemera danica,ED,14.4,10.40237364,10.20833333
Bieb_16_6_2015_ED,Bieb_2015_6_16,Bieber,Bieb,2,Grob,16,6,2015,167,late,2,Ephemera danica,ED,14.4,10.40237364,10.20833333
Bieb_25_3_2015_ED,Bieb_2015_3_25,Bieber,Bieb,2,Einzelexemplare,25,3,2015,84,early,1,Ephemera danica,ED,18.74286,NA,10.35
Bieb_25_3_2015_ED,Bieb_2015_3_25,Bieber,Bieb,2,Grob,25,3,2015,84,early,1,Ephemera danica,ED,18.74286,NA,10.35
Bieb_16_6_2015_HS,Bieb_2015_6_16,Bieber,Bieb,2,Grob,16,6,2015,167,late,2,Hydropsyche siltalai,HS,1.6,10.40237364,10.20833333
Bieb_25_3_2015_OV,Bieb_2015_3_25,Bieber,Bieb,2,Einzelexemplar,25,3,2015,84,early,1,Orectochilus villosus,OV,8.457143,NA,10.35
Bieb_25_3_2015_OV,Bieb_2015_3_25,Bieber,Bieb,2,Irll‰ufer,25,3,2015,84,early,1,Orectochilus villosus,OV,8.457143,NA,10.35
Bieb_25_3_2015_OV,Bieb_2015_3_25,Bieber,Bieb,2,grob,25,3,2015,84,early,1,Orectochilus villosus,OV,8.457143,NA,10.35
Bieb_16_6_2015_PO,Bieb_2015_6_16,Bieber,Bieb,2,Grob,16,6,2015,167,late,2,Prodiamesa olivacea,PO,16,10.40237364,10.20833333
Bieb_25_3_2015_PO,Bieb_2015_3_25,Bieber,Bieb,2,Grob,25,3,2015,84,early,1,Prodiamesa olivacea,PO,6.857143,NA,10.35
O3_1_7_2015_AF,O3_2015_7_1,KiO3/O3/Rothenbergen,O3,3,grob,1,7,2015,182,late,2,Ancylus fluviatilis,AF,30.4,11.43368182,10.98333333
O3_17_3_2015_AF,O3_2015_3_17,KiO3/O3/Rothenbergen,O3,3,grob,17,3,2015,76,early,1,Ancylus fluviatilis,AF,5.647059,10.40082664,11.05
O3_1_7_2015_AA,O3_2015_7_1,KiO3/O3/Rothenbergen,O3,3,Grob,1,7,2015,182,late,2,Aphelocheirus aestivalis,AA,2.4,11.43368182,10.98333333
O3_17_3_2015_AA,O3_2015_3_17,KiO3/O3/Rothenbergen,O3,3,Grob,17,3,2015,76,early,1,Aphelocheirus aestivalis,AA,2.211765,10.40082664,11.05
O3_17_3_2015_BR,O3_2015_3_17,KiO3/O3/Rothenbergen,O3,3,grob,17,3,2015,76,early,1,Baetis rhodani,BR,7.435294,10.40082664,11.05
O3_17_3_2015_ED,O3_2015_3_17,KiO3/O3/Rodenbauch,O3,3,Einzelexemplare,17,3,2015,76,early,1,Ephemera danica,ED,4.423529,10.40082664,11.05
O3_17_3_2015_ED,O3_2015_3_17,KiO3/O3/Rodenbauch,O3,3,Grob,17,3,2015,76,early,1,Ephemera danica,ED,4.423529,10.40082664,11.05
O3_1_7_2015_GR,O3_2015_7_1,KiO3/O3/Rothenbergen,O3,3,grob,1,7,2015,182,late,2,Gammarus roeselii,GR,91.2,11.43368182,10.98333333
O3_17_3_2015_GR,O3_2015_3_17,KiO3/O3/Rothenbergen,O3,3,grob,17,3,2015,76,early,1,Gammarus roeselii,GR,66.35294,10.40082664,11.05
O3_1_7_2015_PO,O3_2015_7_1,KiO3/O3/Rodenbauch,O3,3,Grob,1,7,2015,182,late,2,Prodiamesa olivacea,PO,39.2,11.43368182,10.98333333
W1_17_3_2015_AF,W1_2015_3_17,KiW1/W1/Bulau,W1,4,grob,17,3,2015,76,early,1,Ancylus fluviatilis,AF,1.6,12.51601374,11.16666667
W1_12_7_2015_AA,W1_2015_7_12,KiW1/W1/Bulau,W1,4,Grob,12,7,2015,193,late,2,Aphelocheirus aestivalis,AA,NA,11.98040592,11.14166667
W1_17_3_2015_AA,W1_2015_3_17,KiW1/W1/Bulau,W1,4,Grob,17,3,2015,76,early,1,Aphelocheirus aestivalis,AA,9.6,12.51601374,11.16666667
W1_2_7_2015_AA,W1_2015_7_2,KiW1/W1/Bulau,W1,4,Grob,2,7,2015,183,late,2,Aphelocheirus aestivalis,AA,31.42857,11.89020913,11.14166667
W1_17_3_2015_BR,W1_2015_3_17,KiW1/W1/Bulau,W1,4,grob,17,3,2015,76,early,1,Baetis rhodani,BR,5.6,12.51601374,11.16666667
W1_17_3_2015_BR,W1_2015_3_17,KiW1/W1/Bulau,W1,4,Einzelexemplar,17,3,2015,76,early,1,Baetis rhodani,BR,5.6,12.51601374,11.16666667
W1_17_3_2015_ET,W1_2015_3_17,KiW1/W1/Bulau,W1,4,grob,17,3,2015,76,early,1,Eiseniella tetraedra,ET,1.6,12.51601374,11.16666667
W1_17_3_2015_ED,W1_2015_3_17,KiW1/W1/Bulau,W1,4,Einzelexemplare,17,3,2015,76,early,1,Ephemera danica,ED,16.8,12.51601374,11.16666667
W1_17_3_2015_ED,W1_2015_3_17,KiW1/W1/Bulau,W1,4,Grob,17,3,2015,76,early,1,Ephemera danica,ED,16.8,12.51601374,11.16666667
W1_2_7_2015_ED,W1_2015_7_2,KiW1/W1/Bulau,W1,4,Grob,2,7,2015,183,late,2,Ephemera danica,ED,29.6,11.89020913,11.14166667
W1_2_7_2015_ED,W1_2015_7_2,KiW1/W1/Bulau,W1,4,Einzelexemplare,2,7,2015,183,late,2,Ephemera danica,ED,29.6,11.89020913,11.14166667
W1_17_3_2015_GR,W1_2015_3_17,KiW1/W1/Bulau,W1,4,grob,17,3,2015,76,early,1,Gammarus roeselii,GR,7.2,12.51601374,11.16666667
W1_2_7_2015_GR,W1_2015_7_2,KiW1/W1/Bulau,W1,4,grob,2,7,2015,183,late,2,Gammarus roeselii,GR,85.71429,11.89020913,11.14166667
Auba_11_4_2016_BR,Auba_2016_4_11,Aubach oh.Wiesthal,Auba,1,grob,11,4,2016,102,early,1,Baetis rhodani,BR,30.93333,10.48670238,10.475
Auba_21_6_2016_BR,Auba_2016_6_21,Aubach oh.Wiesthal,Auba,1,grob,21,6,2016,173,late,2,Baetis rhodani,BR,5.6,10.39995402,10.54166667
Auba_11_4_2016_ED,Auba_2016_4_11,Aubach,Auba,1,Einzelexemplare,11,4,2016,102,early,1,Ephemera danica,ED,27.46667,10.48670238,10.475
Auba_11_4_2016_ED,Auba_2016_4_11,Aubach,Auba,1,Grob,11,4,2016,102,early,1,Ephemera danica,ED,27.46667,10.48670238,10.475
Auba_21_6_2016_ED,Auba_2016_6_21,Aubach,Auba,1,Einzelexemplare,21,6,2016,173,late,2,Ephemera danica,ED,40,10.39995402,10.54166667
Auba_21_6_2016_ED,Auba_2016_6_21,Aubach,Auba,1,Grob,21,6,2016,173,late,2,Ephemera danica,ED,40,10.39995402,10.54166667
Auba_11_4_2016_HS,Auba_2016_4_11,Aubach,Auba,1,Grob,11,4,2016,102,early,1,Hydropsyche siltalai,HS,44.26667,10.48670238,10.475
Auba_11_4_2016_HS,Auba_2016_4_11,Aubach,Auba,1,Einzelexemplare,11,4,2016,102,early,1,Hydropsyche siltalai,HS,44.26667,10.48670238,10.475
Auba_21_6_2016_HS,Auba_2016_6_21,Aubach,Auba,1,Einzelexemplare,21,6,2016,173,late,2,Hydropsyche siltalai,HS,1.6,10.39995402,10.54166667
Auba_11_4_2016_OV,Auba_2016_4_11,Aubach oh Wiesenthal,Auba,1,grob,11,4,2016,102,early,1,Orectochilus villosus,OV,2.666667,10.48670238,10.475
Bieb_21_6_2016_AF,Bieb_2016_6_21,Bieber oh. Roﬂbach,Bieb,2,grob,21,6,2016,173,late,2,Ancylus fluviatilis,AF,3,10.48123791,10.69166667
Bieb_11_4_2016_BR,Bieb_2016_4_11,Bieber,Bieb,2,grob,11,4,2016,102,early,1,Baetis rhodani,BR,39.31429,10.6375945,10.625
Bieb_21_6_2016_BR,Bieb_2016_6_21,Bieber,Bieb,2,grob,21,6,2016,173,late,2,Baetis rhodani,BR,5.3,10.48123791,10.69166667
Bieb_11_4_2016_ET,Bieb_2016_4_11,Bieber,Bieb,2,Einzelexemplar,11,4,2016,102,early,1,Eiseniella tetraedra,ET,14.51429,10.6375945,10.625
Bieb_11_4_2016_ET,Bieb_2016_4_11,Bieber,Bieb,2,grob,11,4,2016,102,early,1,Eiseniella tetraedra,ET,14.51429,10.6375945,10.625
Bieb_21_6_2016_ET,Bieb_2016_6_21,Bieber,Bieb,2,grob,21,6,2016,173,late,2,Eiseniella tetraedra,ET,3,10.48123791,10.69166667
Bieb_11_4_2016_ED,Bieb_2016_4_11,Bieber,Bieb,2,Grob,11,4,2016,102,early,1,Ephemera danica,ED,38.51429,10.6375945,10.625
Bieb_11_4_2016_ED,Bieb_2016_4_11,Bieber,Bieb,2,Einzelexemplare,11,4,2016,102,early,1,Ephemera danica,ED,38.51429,10.6375945,10.625
Bieb_21_6_2016_ED,Bieb_2016_6_21,Bieber,Bieb,2,Einzelexemplare,21,6,2016,173,late,2,Ephemera danica,ED,5.3,10.48123791,10.69166667
Bieb_21_6_2016_ED,Bieb_2016_6_21,Bieber,Bieb,2,Grob,21,6,2016,173,late,2,Ephemera danica,ED,5.3,10.48123791,10.69166667
Bieb_11_4_2016_GR,Bieb_2016_4_11,Bieber,Bieb,2,grob,11,4,2016,102,early,1,Gammarus roeselii,GR,3.428571,10.6375945,10.625
Bieb_11_4_2016_HS,Bieb_2016_4_11,Bieber,Bieb,2,Einzelexemplare,11,4,2016,102,early,1,Hydropsyche siltalai,HS,112.9143,10.6375945,10.625
Bieb_11_4_2016_HS,Bieb_2016_4_11,Bieber,Bieb,2,Grob,11,4,2016,102,early,1,Hydropsyche siltalai,HS,112.9143,10.6375945,10.625
Bieb_21_6_2016_HS,Bieb_2016_6_21,Bieber,Bieb,2,Grob,21,6,2016,173,late,2,Hydropsyche siltalai,HS,9.1,10.48123791,10.69166667
Bieb_21_6_2016_HS,Bieb_2016_6_21,Bieber,Bieb,2,Einzelexemplare,21,6,2016,173,late,2,Hydropsyche siltalai,HS,9.1,10.48123791,10.69166667
Bieb_11_4_2016_OV,Bieb_2016_4_11,Bieber,Bieb,2,grob,11,4,2016,102,early,1,Orectochilus villosus,OV,13.71429,10.6375945,10.625
Bieb_21_6_2016_OV,Bieb_2016_6_21,Bieber,Bieb,2,grob,21,6,2016,173,late,2,Orectochilus villosus,OV,1.5,10.48123791,10.69166667
Bieb_11_4_2016_PO,Bieb_2016_4_11,Bieber,Bieb,2,Grob,11,4,2016,102,early,1,Prodiamesa olivacea,PO,10.28571,10.6375945,10.625
O3_25_4_2016_AF,O3_2016_4_25,KiO3/O3/Rothenbergen,O3,3,grob,25,4,2016,116,early,1,Ancylus fluviatilis,AF,29.14286,12.20986753,11.35833333
O3_6_7_2016_AF,O3_2016_7_6,KiO3/O3/Rothenbergen,O3,3,grob,6,7,2016,188,late,2,Ancylus fluviatilis,AF,3.428571,11.79098499,11.29166667
O3_25_4_2016_AA,O3_2016_4_25,KiO3/O3/Rothenbergen,O3,3,Grob,25,4,2016,116,early,1,Aphelocheirus aestivalis,AA,6.857143,12.20986753,11.35833333
O3_6_7_2016_AA,O3_2016_7_6,KiO3/O3/Rothenbergen,O3,3,Grob,6,7,2016,188,late,2,Aphelocheirus aestivalis,AA,24.8,11.79098499,11.29166667
O3_25_4_2016_ED,O3_2016_4_25,KiO3/O3/Rodenbauch,O3,3,Grob,25,4,2016,116,early,1,Ephemera danica,ED,3.428571,12.20986753,11.35833333
O3_25_4_2016_GR,O3_2016_4_25,KiO3/O3/Rothenbergen,O3,3,grob,25,4,2016,116,early,1,Gammarus roeselii,GR,96,12.20986753,11.35833333
O3_6_7_2016_GR,O3_2016_7_6,KiO3/O3/Rothenbergen,O3,3,grob,6,7,2016,188,late,2,Gammarus roeselii,GR,381.9429,11.79098499,11.29166667
O3_25_4_2016_OV,O3_2016_4_25,KiO3/O3/Rothenbergen,O3,3,grob,25,4,2016,116,early,1,Orectochilus villosus,OV,3.428571,12.20986753,11.35833333
W1_25_4_2016_AF,W1_2016_4_25,KiW1/W1/Bulau,W1,4,grob,25,4,2016,116,early,1,Ancylus fluviatilis,AF,2.4,12.20102467,11.50833333
W1_25_4_2016_AA,W1_2016_4_25,KiW1/W1/Bulau,W1,4,Grob,25,4,2016,116,early,1,Aphelocheirus aestivalis,AA,19.2,12.20102467,11.50833333
W1_25_4_2016_BR,W1_2016_4_25,KiW1/W1/Bulau,W1,4,grob,25,4,2016,116,early,1,Baetis rhodani,BR,2.4,12.20102467,11.50833333
W1_12_7_2016_ED,W1_2016_7_12,KiW1/W1/Bulau,W1,4,Grob,12,7,2016,194,late,2,Ephemera danica,ED,15.2,11.94031883,11.40833333
W1_12_7_2016_ED,W1_2016_7_12,KiW1/W1/Bulau,W1,4,Einzelexemplare,12,7,2016,194,late,2,Ephemera danica,ED,15.2,11.94031883,11.40833333
W1_25_4_2016_ED,W1_2016_4_25,KiW1/W1/Bulau,W1,4,Grob,25,4,2016,116,early,1,Ephemera danica,ED,38.4,12.20102467,11.50833333
W1_12_7_2016_GR,W1_2016_7_12,KiW1/W1/Bulau,W1,4,grob,12,7,2016,194,late,2,Gammarus roeselii,GR,32.64,11.94031883,11.40833333
W1_25_4_2016_GR,W1_2016_4_25,KiW1/W1/Bulau,W1,4,grob,25,4,2016,116,early,1,Gammarus roeselii,GR,24,12.20102467,11.50833333
W1_12_7_2016_PO,W1_2016_7_12,KiW1/W1/Bulau,W1,4,Grob,12,7,2016,194,late,2,Prodiamesa olivacea,PO,3.2,11.94031883,11.40833333
W1_25_4_2016_PO,W1_2016_4_25,KiW1/W1/Bulau,W1,4,Grob,25,4,2016,116,early,1,Prodiamesa olivacea,PO,0.8,12.20102467,11.50833333
Auba_12_6_2017_AF,Auba_2017_6_12,Aubach oh Wiesenthal,Auba,1,grob,12,6,2017,163,late,2,Ancylus fluviatilis,AF,9.6,8.736242286,10.00833333
Auba_16_3_2017_AF,Auba_2017_3_16,Aubach oh Wiesenthal,Auba,1,grob,16,3,2017,75,early,1,Ancylus fluviatilis,AF,6.995671,8.800749868,9.85
Auba_16_3_2017_AF,Auba_2017_3_16,Aubach oh Wiesenthal,Auba,1,21TP grob,16,3,2017,75,early,1,Ancylus fluviatilis,AF,6.995671,8.800749868,9.85
Auba_16_3_2017_BR,Auba_2017_3_16,Aubach oh.Wiesthal,Auba,1,grob,16,3,2017,75,early,1,Baetis rhodani,BR,7.792208,8.800749868,9.85
Auba_16_3_2017_ET,Auba_2017_3_16,Aubach,Auba,1,grob,16,3,2017,75,early,1,Eiseniella tetraedra,ET,4.536797,8.800749868,9.85
Auba_12_6_2017_ED,Auba_2017_6_12,Aubach,Auba,1,Grob,12,6,2017,163,late,2,Ephemera danica,ED,119.2,8.736242286,10.00833333
Auba_12_6_2017_ED,Auba_2017_6_12,Aubach,Auba,1,Einzelexemplare,12,6,2017,163,late,2,Ephemera danica,ED,119.2,8.736242286,10.00833333
Auba_16_3_2017_ED,Auba_2017_3_16,Aubach,Auba,1,Grob,16,3,2017,75,early,1,Ephemera danica,ED,63.54978,8.800749868,9.85
Auba_16_3_2017_ED,Auba_2017_3_16,Aubach,Auba,1,21.TP_Grob,16,3,2017,75,early,1,Ephemera danica,ED,63.54978,8.800749868,9.85
Auba_12_6_2017_HS,Auba_2017_6_12,Aubach,Auba,1,Einzelexemplare,12,6,2017,163,late,2,Hydropsyche siltalai,HS,0.8,8.736242286,10.00833333
Auba_16_3_2017_HS,Auba_2017_3_16,Aubach,Auba,1,Grob,16,3,2017,75,early,1,Hydropsyche siltalai,HS,16.1039,8.800749868,9.85
Auba_16_3_2017_HS,Auba_2017_3_16,Aubach,Auba,1,Grob 21TP,16,3,2017,75,early,1,Hydropsyche siltalai,HS,16.1039,8.800749868,9.85
Auba_12_6_2017_OV,Auba_2017_6_12,Aubach oh Wiesenthal,Auba,1,Einzelexemplar,12,6,2017,163,late,2,Orectochilus villosus,OV,5.6,8.736242286,10.00833333
Auba_16_3_2017_OV,Auba_2017_3_16,Aubach oh Wiesenthal,Auba,1,21TP - K‰ferlarven,16,3,2017,75,early,1,Orectochilus villosus,OV,1.142857,8.800749868,9.85
Auba_16_3_2017_PO,Auba_2017_3_16,Aubach,Auba,1,Grob,16,3,2017,75,early,1,Prodiamesa olivacea,PO,6.233766,8.800749868,9.85
Bieb_16_3_2017_AF,Bieb_2017_3_16,Bieber oh. Roﬂbach,Bieb,2,grob,16,3,2017,75,early,1,Ancylus fluviatilis,AF,9.6,9.507832251,10.10833333
Bieb_12_6_2017_BR,Bieb_2017_6_12,Bieber,Bieb,2,grob,12,6,2017,163,late,2,Baetis rhodani,BR,20.57143,9.597170391,10.28333333
Bieb_16_3_2017_BR,Bieb_2017_3_16,Bieber,Bieb,2,grob,16,3,2017,75,early,1,Baetis rhodani,BR,159.2,9.507832251,10.10833333
Bieb_12_6_2017_ET,Bieb_2017_6_12,Bieber,Bieb,2,Einzelexemplar,12,6,2017,163,late,2,Eiseniella tetraedra,ET,9.028571,9.597170391,10.28333333
Bieb_16_3_2017_ET,Bieb_2017_3_16,Bieber,Bieb,2,Einzelexemplar,16,3,2017,75,early,1,Eiseniella tetraedra,ET,29.6,9.507832251,10.10833333
Bieb_16_3_2017_ET,Bieb_2017_3_16,Bieber,Bieb,2,grob,16,3,2017,75,early,1,Eiseniella tetraedra,ET,29.6,9.507832251,10.10833333
Bieb_12_6_2017_ED,Bieb_2017_6_12,Bieber,Bieb,2,Einzelexemplare,12,6,2017,163,late,2,Ephemera danica,ED,11.88571,9.597170391,10.28333333
Bieb_12_6_2017_ED,Bieb_2017_6_12,Bieber,Bieb,2,Grob,12,6,2017,163,late,2,Ephemera danica,ED,11.88571,9.597170391,10.28333333
Bieb_16_3_2017_ED,Bieb_2017_3_16,Bieber,Bieb,2,Einzelexemplare,16,3,2017,75,early,1,Ephemera danica,ED,58.4,9.507832251,10.10833333
Bieb_16_3_2017_ED,Bieb_2017_3_16,Bieber,Bieb,2,Grob,16,3,2017,75,early,1,Ephemera danica,ED,58.4,9.507832251,10.10833333
Bieb_12_6_2017_HS,Bieb_2017_6_12,Bieber,Bieb,2,Grob,12,6,2017,163,late,2,Hydropsyche siltalai,HS,16.91429,9.597170391,10.28333333
Bieb_12_6_2017_HS,Bieb_2017_6_12,Bieber,Bieb,2,Einzelexemplare,12,6,2017,163,late,2,Hydropsyche siltalai,HS,16.91429,9.597170391,10.28333333
Bieb_12_6_2017_OV,Bieb_2017_6_12,Bieber,Bieb,2,Einzelexemplar,12,6,2017,163,late,2,Orectochilus villosus,OV,0.8,9.597170391,10.28333333
Bieb_16_3_2017_PO,Bieb_2017_3_16,Bieber,Bieb,2,Grob,16,3,2017,75,early,1,Prodiamesa olivacea,PO,9.6,9.507832251,10.10833333
O3_2_6_2017_AF,O3_2017_6_2,KiO3/O3/Rothenbergen,O3,3,grob,2,6,2017,153,late,2,Ancylus fluviatilis,AF,44.19048,10.87553422,11.16666667
O3_2_6_2017_AF,O3_2017_6_2,KiO3/O3/Rothenbergen,O3,3,21TP,2,6,2017,153,late,2,Ancylus fluviatilis,AF,44.19048,10.87553422,11.16666667
O3_28_3_2017_AF,O3_2017_3_28,KiO3/O3/Rothenbergen,O3,3,grob,28,3,2017,87,early,1,Ancylus fluviatilis,AF,11.42857,10.64070401,10.96666667
O3_2_6_2017_AA,O3_2017_6_2,KiO3/O3/Rothenbergen,O3,3,Grob,2,6,2017,153,late,2,Aphelocheirus aestivalis,AA,29.71429,10.87553422,11.16666667
O3_2_6_2017_AA,O3_2017_6_2,KiO3/O3/Rothenbergen,O3,3,21 TP,2,6,2017,153,late,2,Aphelocheirus aestivalis,AA,29.71429,10.87553422,11.16666667
O3_28_3_2017_AA,O3_2017_3_28,KiO3/O3/Rothenbergen,O3,3,Grob,28,3,2017,87,early,1,Aphelocheirus aestivalis,AA,11.88571,10.64070401,10.96666667
O3_2_6_2017_BR,O3_2017_6_2,KiO3/O3/Rothenbergen,O3,3,grob,2,6,2017,153,late,2,Baetis rhodani,BR,33.14286,10.87553422,11.16666667
O3_2_6_2017_BR,O3_2017_6_2,KiO3/O3/Rothenbergen,O3,3,Einzelexemplar,2,6,2017,153,late,2,Baetis rhodani,BR,33.14286,10.87553422,11.16666667
O3_28_3_2017_BR,O3_2017_3_28,KiO3/O3/Rothenbergen,O3,3,grob,28,3,2017,87,early,1,Baetis rhodani,BR,18.28571,10.64070401,10.96666667
O3_2_6_2017_ET,O3_2017_6_2,KiO3/O3/Rothenbergen,O3,3,grob,2,6,2017,153,late,2,Eiseniella tetraedra,ET,0.761905,10.87553422,11.16666667
O3_28_3_2017_ET,O3_2017_3_28,KiO3/O3/Rothenbergen,O3,3,grob,28,3,2017,87,early,1,Eiseniella tetraedra,ET,3.085714,10.64070401,10.96666667
O3_2_6_2017_ED,O3_2017_6_2,KiO3/O3/Rodenbauch,O3,3,Einzelexemplare,2,6,2017,153,late,2,Ephemera danica,ED,15.2381,10.87553422,11.16666667
O3_2_6_2017_ED,O3_2017_6_2,KiO3/O3/Rodenbauch,O3,3,Grob,2,6,2017,153,late,2,Ephemera danica,ED,15.2381,10.87553422,11.16666667
O3_28_3_2017_ED,O3_2017_3_28,KiO3/O3/Rodenbauch,O3,3,Grob,28,3,2017,87,early,1,Ephemera danica,ED,9.942857,10.64070401,10.96666667
O3_28_3_2017_ED,O3_2017_3_28,KiO3/O3/Rodenbauch,O3,3,Einzelexemplare,28,3,2017,87,early,1,Ephemera danica,ED,9.942857,10.64070401,10.96666667
O3_28_3_2017_GR,O3_2017_3_28,KiO3/O3/Rothenbergen,O3,3,grob,28,3,2017,87,early,1,Gammarus roeselii,GR,28.57143,10.64070401,10.96666667
O3_28_3_2017_HS,O3_2017_3_28,KiO3/O3/Rodenbauch,O3,3,Grob,28,3,2017,87,early,1,Hydropsyche siltalai,HS,1.142857,10.64070401,10.96666667
O3_28_3_2017_OV,O3_2017_3_28,KiO3/O3/Rothenbergen,O3,3,grob,28,3,2017,87,early,1,Orectochilus villosus,OV,2.285714,10.64070401,10.96666667
O3_2_6_2017_PO,O3_2017_6_2,KiO3/O3/Rodenbauch,O3,3,Grob,2,6,2017,153,late,2,Prodiamesa olivacea,PO,0.761905,10.87553422,11.16666667
O3_28_3_2017_PO,O3_2017_3_28,KiO3/O3/Rodenbauch,O3,3,Grob,28,3,2017,87,early,1,Prodiamesa olivacea,PO,6.857143,10.64070401,10.96666667
W1_28_3_2017_AA,W1_2017_3_28,KiW1/W1/Bulau,W1,4,Grob,28,3,2017,87,early,1,Aphelocheirus aestivalis,AA,81.6,11.21748961,11.04166667
W1_7_6_2017_AA,W1_2017_6_7,KiW1/W1/Bulau,W1,4,Grob,7,6,2017,158,late,2,Aphelocheirus aestivalis,AA,124.8,11.34774636,11.25
W1_28_3_2017_BR,W1_2017_3_28,KiW1/W1/Bulau,W1,4,grob,28,3,2017,87,early,1,Baetis rhodani,BR,24,11.21748961,11.04166667
W1_7_6_2017_BR,W1_2017_6_7,KiW1/W1/Bulau,W1,4,grob,7,6,2017,158,late,2,Baetis rhodani,BR,2.4,11.34774636,11.25
W1_7_6_2017_ET,W1_2017_6_7,KiW1/W1/Bulau,W1,4,grob,7,6,2017,158,late,2,Eiseniella tetraedra,ET,5.6,11.34774636,11.25
W1_28_3_2017_ED,W1_2017_3_28,KiW1/W1/Bulau,W1,4,Einzelexemplare,28,3,2017,87,early,1,Ephemera danica,ED,99.2,11.21748961,11.04166667
W1_28_3_2017_ED,W1_2017_3_28,KiW1/W1/Bulau,W1,4,Grob,28,3,2017,87,early,1,Ephemera danica,ED,99.2,11.21748961,11.04166667
W1_7_6_2017_ED,W1_2017_6_7,KiW1/W1/Bulau,W1,4,Grob,7,6,2017,158,late,2,Ephemera danica,ED,132.8,11.34774636,11.25
W1_7_6_2017_ED,W1_2017_6_7,KiW1/W1/Bulau,W1,4,Einzelexemplare,7,6,2017,158,late,2,Ephemera danica,ED,132.8,11.34774636,11.25
W1_2_6_2017_GR,W1_2017_6_2,KiW1/W1/Bulau,W1,4,grob,2,6,2017,153,late,2,Gammarus roeselii,GR,NA,11.31196237,11.25
W1_28_3_2017_GR,W1_2017_3_28,KiW1/W1/Bulau,W1,4,grob,28,3,2017,87,early,1,Gammarus roeselii,GR,74.4,11.21748961,11.04166667
W1_7_6_2017_GR,W1_2017_6_7,KiW1/W1/Bulau,W1,4,grob,7,6,2017,158,late,2,Gammarus roeselii,GR,60,11.34774636,11.25
W1_7_6_2017_HS,W1_2017_6_7,KiW1/W1/Bulau,W1,4,Grob,7,6,2017,158,late,2,Hydropsyche siltalai,HS,3.2,11.34774636,11.25
W1_7_6_2017_HS,W1_2017_6_7,KiW1/W1/Bulau,W1,4,Einzelexemplare,7,6,2017,158,late,2,Hydropsyche siltalai,HS,3.2,11.34774636,11.25
Auba_15_6_2018_BR,Auba_2018_6_15,Aubach oh.Wiesthal,Auba,1,grob,15,6,2018,166,late,2,Baetis rhodani,BR,34.28571,10.19572503,10.325
Auba_7_3_2018_BR,Auba_2018_3_7,Aubach oh.Wiesthal,Auba,1,grob,7,3,2018,66,early,1,Baetis rhodani,BR,80,9.961518032,9.741666667
Auba_15_6_2018_ED,Auba_2018_6_15,Aubach,Auba,1,Einzelexemplare,15,6,2018,166,late,2,Ephemera danica,ED,80,10.19572503,10.325
Auba_15_6_2018_ED,Auba_2018_6_15,Aubach,Auba,1,Grob,15,6,2018,166,late,2,Ephemera danica,ED,80,10.19572503,10.325
Auba_15_6_2018_ED,Auba_2018_6_15,Aubach,Auba,1,21.TP_Grob,15,6,2018,166,late,2,Ephemera danica,ED,80,10.19572503,10.325
Auba_7_3_2018_ED,Auba_2018_3_7,Aubach,Auba,1,Grob,7,3,2018,66,early,1,Ephemera danica,ED,9.6,9.961518032,9.741666667
Auba_15_6_2018_HS,Auba_2018_6_15,Aubach,Auba,1,Grob,15,6,2018,166,late,2,Hydropsyche siltalai,HS,41.14286,10.19572503,10.325
Auba_15_6_2018_HS,Auba_2018_6_15,Aubach,Auba,1,21 TP,15,6,2018,166,late,2,Hydropsyche siltalai,HS,41.14286,10.19572503,10.325
Auba_7_3_2018_HS,Auba_2018_3_7,Aubach,Auba,1,Grob,7,3,2018,66,early,1,Hydropsyche siltalai,HS,486.4,9.961518032,9.741666667
Auba_7_3_2018_OV,Auba_2018_3_7,Aubach oh Wiesenthal,Auba,1,Einzelexemplar,7,3,2018,66,early,1,Orectochilus villosus,OV,15.2,9.961518032,9.741666667
Bieb_15_6_2018_BR,Bieb_2018_6_15,Bieber,Bieb,2,grob,15,6,2018,166,late,2,Baetis rhodani,BR,58.66667,10.61800637,10.49166667
Bieb_7_3_2018_BR,Bieb_2018_3_7,Bieber,Bieb,2,grob,7,3,2018,66,early,1,Baetis rhodani,BR,134.4,10.46529746,9.916666667
Bieb_15_6_2018_ET,Bieb_2018_6_15,Bieber,Bieb,2,Einzelexemplar,15,6,2018,166,late,2,Eiseniella tetraedra,ET,6.133333,10.61800637,10.49166667
Bieb_15_6_2018_ET,Bieb_2018_6_15,Bieber,Bieb,2,grob,15,6,2018,166,late,2,Eiseniella tetraedra,ET,6.133333,10.61800637,10.49166667
Bieb_15_6_2018_ED,Bieb_2018_6_15,Bieber,Bieb,2,Einzelexemplare,15,6,2018,166,late,2,Ephemera danica,ED,0.8,10.61800637,10.49166667
Bieb_7_3_2018_ED,Bieb_2018_3_7,Bieber,Bieb,2,Einzelexemplare,7,3,2018,66,early,1,Ephemera danica,ED,5.6,10.46529746,9.916666667
Bieb_7_3_2018_ED,Bieb_2018_3_7,Bieber,Bieb,2,Grob,7,3,2018,66,early,1,Ephemera danica,ED,5.6,10.46529746,9.916666667
Bieb_15_6_2018_HS,Bieb_2018_6_15,Bieber,Bieb,2,Einzelexemplare,15,6,2018,166,late,2,Hydropsyche siltalai,HS,0.8,10.61800637,10.49166667
Bieb_15_6_2018_HS,Bieb_2018_6_15,Bieber,Bieb,2,Grob,15,6,2018,166,late,2,Hydropsyche siltalai,HS,0.8,10.61800637,10.49166667
O3_7_6_2018_AF,O3_2018_6_7,KiO3/O3/Rothenbergen,O3,3,grob,7,6,2018,158,late,2,Ancylus fluviatilis,AF,41.14286,11.63243278,11.24166667
O3_9_3_2018_AF,O3_2018_3_9,KiO3/O3/Rothenbergen,O3,3,grob,9,3,2018,68,early,1,Ancylus fluviatilis,AF,27.42857,11.63718211,10.7
O3_7_6_2018_AA,O3_2018_6_7,KiO3/O3/Rothenbergen,O3,3,Grob,7,6,2018,158,late,2,Aphelocheirus aestivalis,AA,29.71429,11.63243278,11.24166667
O3_9_3_2018_AA,O3_2018_3_9,KiO3/O3/Rothenbergen,O3,3,Grob,9,3,2018,68,early,1,Aphelocheirus aestivalis,AA,10.28571,11.63718211,10.7
O3_7_6_2018_BR,O3_2018_6_7,KiO3/O3/Rothenbergen,O3,3,grob,7,6,2018,158,late,2,Baetis rhodani,BR,57.90476,11.63243278,11.24166667
O3_7_6_2018_BR,O3_2018_6_7,KiO3/O3/Rothenbergen,O3,3,Einzelexemplar,7,6,2018,158,late,2,Baetis rhodani,BR,57.90476,11.63243278,11.24166667
O3_9_3_2018_BR,O3_2018_3_9,KiO3/O3/Rothenbergen,O3,3,grob,9,3,2018,68,early,1,Baetis rhodani,BR,17.14286,11.63718211,10.7
O3_9_3_2018_ET,O3_2018_3_9,KiO3/O3/Rothenbergen,O3,3,grob,9,3,2018,68,early,1,Eiseniella tetraedra,ET,3.428571,11.63718211,10.7
O3_7_6_2018_GR,O3_2018_6_7,KiO3/O3/Rothenbergen,O3,3,grob,7,6,2018,158,late,2,Gammarus roeselii,GR,111.2381,11.63243278,11.24166667
O3_9_3_2018_GR,O3_2018_3_9,KiO3/O3/Rothenbergen,O3,3,grob,9,3,2018,68,early,1,Gammarus roeselii,GR,78.85714,11.63718211,10.7
O3_7_6_2018_HS,O3_2018_6_7,KiO3/O3/Rodenbauch,O3,3,Einzelexemplare,7,6,2018,158,late,2,Hydropsyche siltalai,HS,0.761905,11.63243278,11.24166667
O3_9_3_2018_OV,O3_2018_3_9,KiO3/O3/Rothenbergen,O3,3,grob,9,3,2018,68,early,1,Orectochilus villosus,OV,10.28571,11.63718211,10.7
W1_9_3_2018_AF,W1_2018_3_9,KiW1/W1/Bulau,W1,4,grob,9,3,2018,68,early,1,Ancylus fluviatilis,AF,33.6,11.73744917,10.825
W1_5_6_2018_AA,W1_2018_6_5,KiW1/W1/Bulau,W1,4,Grob,5,6,2018,156,late,2,Aphelocheirus aestivalis,AA,64.8,11.8018492,11.35833333
W1_9_3_2018_AA,W1_2018_3_9,KiW1/W1/Bulau,W1,4,Grob,9,3,2018,68,early,1,Aphelocheirus aestivalis,AA,110.4,11.73744917,10.825
W1_5_6_2018_BR,W1_2018_6_5,KiW1/W1/Bulau,W1,4,grob,5,6,2018,156,late,2,Baetis rhodani,BR,9.6,11.8018492,11.35833333
W1_9_3_2018_BR,W1_2018_3_9,KiW1/W1/Bulau,W1,4,grob,9,3,2018,68,early,1,Baetis rhodani,BR,1.6,11.73744917,10.825
W1_5_6_2018_ED,W1_2018_6_5,KIW1/W1/Bulau,W1,4,Einzelexemplare,5,6,2018,156,late,2,Ephemera danica,ED,20.8,11.8018492,11.35833333
W1_5_6_2018_ED,W1_2018_6_5,KIW1/W1/Bulau,W1,4,Grob,5,6,2018,156,late,2,Ephemera danica,ED,20.8,11.8018492,11.35833333
W1_9_3_2018_ED,W1_2018_3_9,KiW1/W1/Bulau,W1,4,Einzelexemplare,9,3,2018,68,early,1,Ephemera danica,ED,188.8,11.73744917,10.825
W1_9_3_2018_ED,W1_2018_3_9,KIW1/W1/Bulau,W1,4,Grob,9,3,2018,68,early,1,Ephemera danica,ED,188.8,11.73744917,10.825
W1_5_6_2018_GR,W1_2018_6_5,KiW1/W1/Bulau,W1,4,grob,5,6,2018,156,late,2,Gammarus roeselii,GR,19.2,11.8018492,11.35833333
W1_9_3_2018_GR,W1_2018_3_9,KiW1/W1/Bulau,W1,4,grob,9,3,2018,68,early,1,Gammarus roeselii,GR,62.4,11.73744917,10.825
W1_5_6_2018_HS,W1_2018_6_5,KiW1/W1/Bulau,W1,4,Einzelexemplare,5,6,2018,156,late,2,Hydropsyche siltalai,HS,1.6,11.8018492,11.35833333
W1_5_6_2018_HS,W1_2018_6_5,KiW1/W1/Bulau,W1,4,Grob,5,6,2018,156,late,2,Hydropsyche siltalai,HS,1.6,11.8018492,11.35833333
W1_9_3_2018_HS,W1_2018_3_9,KiW1/W1/Bulau,W1,4,Grob,9,3,2018,68,early,1,Hydropsyche siltalai,HS,4.8,11.73744917,10.825
W1_5_6_2018_OV,W1_2018_6_5,KiW1/W1/Bulau,W1,4,Einzelexemplar,5,6,2018,156,late,2,Orectochilus villosus,OV,0.8,11.8018492,11.35833333
W1_9_3_2018_PO,W1_2018_3_9,KiW1/W1/Bulau,W1,4,Grob,9,3,2018,68,early,1,Prodiamesa olivacea,PO,39.2,11.73744917,10.825
Auba_5_7_2019_AF,Auba_2019_7_5,Aubach oh Wiesenthal,Auba,1,grob,5,7,2019,186,late,2,Ancylus fluviatilis,AF,4.8,10.17502652,10.84166667
Auba_2_4_2019_BR,Auba_2019_4_2,Aubach,Auba,1,grob,2,4,2019,92,early,1,Baetis rhodani,BR,2.839827,10.33313505,11.3
Auba_2_4_2019_ED,Auba_2019_4_2,Aubach,Auba,1,Grob,2,4,2019,92,early,1,Ephemera danica,ED,103.8961,10.33313505,11.3
Auba_5_7_2019_ED,Auba_2019_7_5,Aubach,Auba,1,Grob,5,7,2019,186,late,2,Ephemera danica,ED,216,10.17502652,10.84166667
Auba_2_4_2019_HS,Auba_2019_4_2,Aubach,Auba,1,Grob,2,4,2019,92,early,1,Hydropsyche siltalai,HS,20.77922,10.33313505,11.3
Auba_5_7_2019_PO,Auba_2019_7_5,Aubach,Auba,1,Grob,5,7,2019,186,late,2,Prodiamesa olivacea,PO,43.2,10.17502652,10.84166667
Bieb_2_4_2019_AF,Bieb_2019_4_2,Bieber,Bieb,2,grob,2,4,2019,92,early,1,Ancylus fluviatilis,AF,3.2,10.57369595,11.53333333
Bieb_2_4_2019_BR,Bieb_2019_4_2,Bieber,Bieb,2,grob,2,4,2019,92,early,1,Baetis rhodani,BR,22.4,10.57369595,11.53333333
Bieb_5_7_2019_BR,Bieb_2019_7_5,Bieber,Bieb,2,grob,5,7,2019,186,late,2,Baetis rhodani,BR,11.2,10.3264125,11.075
Bieb_2_4_2019_ET,Bieb_2019_4_2,Bieber,Bieb,2,Einzelexemplar,2,4,2019,92,early,1,Eiseniella tetraedra,ET,7.2,10.57369595,11.53333333
Bieb_2_4_2019_ET,Bieb_2019_4_2,Bieber,Bieb,2,grob,2,4,2019,92,early,1,Eiseniella tetraedra,ET,7.2,10.57369595,11.53333333
Bieb_2_4_2019_ED,Bieb_2019_4_2,Bieber,Bieb,2,Grob,2,4,2019,92,early,1,Ephemera danica,ED,52.8,10.57369595,11.53333333
Bieb_5_7_2019_ED,Bieb_2019_7_5,Bieber,Bieb,2,Grob,5,7,2019,186,late,2,Ephemera danica,ED,52.8,10.3264125,11.075
Bieb_2_4_2019_HS,Bieb_2019_4_2,Bieber,Bieb,2,Grob,2,4,2019,92,early,1,Hydropsyche siltalai,HS,35.2,10.57369595,11.53333333
Bieb_2_4_2019_OV,Bieb_2019_4_2,Bieber,Bieb,2,Einzelexemplar,2,4,2019,92,early,1,Orectochilus villosus,OV,0.8,10.57369595,11.53333333
Bieb_5_7_2019_PO,Bieb_2019_7_5,Bieber,Bieb,2,Grob,5,7,2019,186,late,2,Prodiamesa olivacea,PO,190.08,10.3264125,11.075
O3_1_4_2019_AF,O3_2019_4_1,KiO3/O3/Rothenbergen,O3,3,grob,1,4,2019,91,early,1,Ancylus fluviatilis,AF,33.23077,12.06920692,12.25
O3_18_6_2019_AF,O3_2019_6_18,KiO3/O3/Rothenbergen,O3,3,grob,18,6,2019,169,late,2,Ancylus fluviatilis,AF,63.2,NA,11.95
O3_18_6_2019_AF,O3_2019_6_18,KiO3/O3/Rothenbergen,O3,3,Einzelexemplar,18,6,2019,169,late,2,Ancylus fluviatilis,AF,63.2,NA,11.95
O3_1_4_2019_AA,O3_2019_4_1,KiO3/O3/Rothenbergen,O3,3,Grob,1,4,2019,91,early,1,Aphelocheirus aestivalis,AA,48.8,12.06920692,12.25
O3_18_6_2019_AA,O3_2019_6_18,KiO3/O3/Rothenbergen,O3,3,Grob,18,6,2019,169,late,2,Aphelocheirus aestivalis,AA,34.4,NA,11.95
O3_1_4_2019_BR,O3_2019_4_1,KiO3/O3/Rothenbergen,O3,3,grob,1,4,2019,91,early,1,Baetis rhodani,BR,11.87692,12.06920692,12.25
O3_16_6_2019_BR,O3_2019_6_16,KiO3/O3/Rothenbergen,O3,3,grob,16,6,2019,167,late,2,Baetis rhodani,BR,NA,NA,11.95
O3_1_4_2019_ET,O3_2019_4_1,KiO3/O3/Rothenbergen,O3,3,grob,1,4,2019,91,early,1,Eiseniella tetraedra,ET,1.846154,12.06920692,12.25
O3_1_4_2019_ED,O3_2019_4_1,KiO3/O3/Rodenbauch,O3,3,Grob,1,4,2019,91,early,1,Ephemera danica,ED,26.64615,12.06920692,12.25
O3_1_4_2019_ED,O3_2019_4_1,KiO3/O3/Rodenbauch,O3,3,Einzelexemplare,1,4,2019,91,early,1,Ephemera danica,ED,26.64615,12.06920692,12.25
O3_18_6_2019_ED,O3_2019_6_18,KiO3/O3/Rodenbauch,O3,3,Einzelexemplare,18,6,2019,169,late,2,Ephemera danica,ED,24.8,NA,11.95
O3_18_6_2019_ED,O3_2019_6_18,KiO3/O3/Rodenbauch,O3,3,Grob,18,6,2019,169,late,2,Ephemera danica,ED,24.8,NA,11.95
O3_1_4_2019_GR,O3_2019_4_1,KiO3/O3/Rothenbergen,O3,3,grob,1,4,2019,91,early,1,Gammarus roeselii,GR,62.76923,12.06920692,12.25
O3_18_6_2019_GR,O3_2019_6_18,KiO3/O3/Rothenbergen,O3,3,grob,18,6,2019,169,late,2,Gammarus roeselii,GR,344.4,NA,11.95
O3_1_4_2019_HS,O3_2019_4_1,KiO3/O3/Rodenbauch,O3,3,Grob,1,4,2019,91,early,1,Hydropsyche siltalai,HS,3.446154,12.06920692,12.25
O3_1_4_2019_OV,O3_2019_4_1,KiO3/O3/Rothenbergen,O3,3,grob,1,4,2019,91,early,1,Orectochilus villosus,OV,3.692308,12.06920692,12.25
O3_18_6_2019_PO,O3_2019_6_18,KiO3/O3/Rodenbauch,O3,3,Grob,18,6,2019,169,late,2,Prodiamesa olivacea,PO,24.8,NA,11.95
W1_1_4_2019_AA,W1_2019_4_1,KiW1/W1/Bulau,W1,4,Grob,1,4,2019,91,early,1,Aphelocheirus aestivalis,AA,77.64706,12.34428617,12.38333333
W1_28_6_2019_AA,W1_2019_6_28,KiW1/W1/Bulau,W1,4,Grob,28,6,2019,179,late,2,Aphelocheirus aestivalis,AA,0.8,NA,12.11666667
W1_1_4_2019_BR,W1_2019_4_1,KiW1/W1/Bulau,W1,4,grob,1,4,2019,91,early,1,Baetis rhodani,BR,7.858824,12.34428617,12.38333333
W1_1_4_2019_ED,W1_2019_4_1,KiW1/W1/Bulau,W1,4,Grob,1,4,2019,91,early,1,Ephemera danica,ED,67.15294,12.34428617,12.38333333
W1_1_4_2019_ED,W1_2019_4_1,KiW1/W1/Bulau,W1,4,Einzelexemplare,1,4,2019,91,early,1,Ephemera danica,ED,67.15294,12.34428617,12.38333333
W1_28_6_2019_ED,W1_2019_6_28,KIW1/W1/Bulau,W1,4,Einzelexemplare,28,6,2019,179,late,2,Ephemera danica,ED,20,NA,12.11666667
W1_28_6_2019_ED,W1_2019_6_28,KIW1/W1/Bulau,W1,4,Grob,28,6,2019,179,late,2,Ephemera danica,ED,20,NA,12.11666667
W1_1_4_2019_GR,W1_2019_4_1,KiW1/W1/Bulau,W1,4,grob,1,4,2019,91,early,1,Gammarus roeselii,GR,43.76471,12.34428617,12.38333333
W1_28_6_2019_GR,W1_2019_6_28,KiW1/W1/Bulau,W1,4,grob,28,6,2019,179,late,2,Gammarus roeselii,GR,284.16,NA,12.11666667
W1_28_6_2019_PO,W1_2019_6_28,KiW1/W1/Bulau,W1,4,Grob,28,6,2019,179,late,2,Prodiamesa olivacea,PO,67.2,NA,12.11666667
